id,text,label
219,Nikmatono cicilan 0% sampek 12 sasi dinggo pesen tiket kapal air asia nganggo kertu kredit bni!,neutral
209,"Roti-roti sing disajekne nggarai aku nostalgianan. Kabeh model roti jaman biyen, saka tampilane utawa rasa. Rotine enak lan regane uga mirah.",positive
436,Ibu uwis tahu kerja ing grab indonesia,neutral
394,"Paling seneng banget mangan awan ing kene pithik karo sambele enak banget regane luwar biasa hemat, rasa pithike ngeresep nganti tekan balunge, es lidah buayane uga seger marakna adem wetenge sakbanjure mangan sambel sing pedes, pelayanane sigap lan grapyak, sing aku seneng ing panggon kasir ana tulisan 10% disumbangake kanggo amal, kanggo mangan dadi luwih enak ing weteng",positive
592,Pelayanane bis DAMRI apik banget.,positive
317,Arep nggawe postingan sing isine ngedukasi pelanggan gojek.,neutral
352,Atusan omah ing medan kebanjiran,neutral
751,"Barange lumayan, mung sung aku gumun xiaomi redmi note 2 iki tombol uripe tenan rada rusak? Banjur bateraine tenan cepet entek juragan?",negative
856,Angel banget mercoyoi wong sing wis tau khianat,negative
504,"Panggonan di gombel karo pemandangan semarang, tekao bengi merga lampu kutha bakale ketok, panganane enak steak lan teh anget menu wajib ning kene, njupuk spot ning jaba merga udara anyep lan sejuk",positive
13,"Wektu kuwi mara mrene pesen sega goreng karo kentang goreng, sega gorenge kabehane seneng, Kentang gorenge enak tenan, lan dhelokane apik. Keluarga ngomong yen kopine enak. Babagan paling apik nang kene yaiku panggonane jembar lan sek nang njaba iso ndhelok pemandangan dusun pring, nanging pelayanane ora cepet dadi aku kudu takon kaping pirang-pirang babagan pesenanku. Regane cukup larang, nanging amarga panganane enak kabeh dadi kabayar. Ora kudhu mikir ping pindho yen pengen mara panggonan iki maneh.",positive
978,"Sega goreng thailand ning rega 35 ewu, polos, mung ana suwir pithik sethithik. Panganan laute ora ana.",negative
570,"Kaya sing awakdewe eruh, brownies sing asli saka amerika iku roti bantat sing pancene wernane cokelat. Toko amanda ngreasikne browies karo masake carane dikukus. Brownies kukus iki jan blas ora banget. Teksture malah podo karo bolu biasa. Dadi menurutku, iki uduk brownies.",negative
489,"Yen teka marang restoran iki cocok banget pas sore lan mbengi, nggawa pasangan kanggo nikmati mangan mbengi sing romantis lan pemandangan sing nakjubake banget",positive
862,"Pengalaman kapisan cukup ngesanke merga cukup kaget tibake bar mari pesen panganan, salah siji staf menehi godong gedang ning mejaku uduk piring utawa sendok, dadi lak mangan ning kene siapo dingge mangan nggawe tangan merga awakdewe bakale ngrasakne sensasi sing unik ditambah alas mangane godong gedang.",positive
774,Salah sijine area kuliner sing cukup ngunggah salira. Nanging dadi bingung uga milihe. Akhire aku njajal kerak telur lan mi kocok karo ngrungokake pertunjukan musik kanthi lagu-lagu nostalgia kulon. Cukup direkomendasikake.,positive
950,Kanggo njamin ibu isa teka marang kantor cab bank mandiri kasebut ing dina lan jam kerja kanggo ijol dhuwit.,neutral
614,"Numpak sepur jayabaya malang - jakarta mandek ing gubeng, tiket 35 ewu ditambah asuransi 6 ewu lewat traveloka",neutral
569,Dpr menehi apresiasi saka melune wong wedok ning pilkada 2018.,neutral
666,"Aku teka kanggo mangan mbengi bareng kaluwarga. Iki kapisan aku marang rene. Kondisine ora patia rame. Kanggo interior, agak reged miturutku. Anane remukan bekas panganan ing jogan lan meja, kayane ora diresiki kanthi sampurna. Kanggo rasa panganan, standar, ora patia istimewa.",negative
965,"Tulung ngomong marang anggota dewan aja lali revisi perppu ormas lan elingna janjine yen perppu ora direvisi, aneka werna elemen masyarakat bakal ngetokake sikap.",neutral
486,Kripik budin kuwi camilan paling enak lan pas kanggo ngancani wektu nugas,positive
545,"Batagor lan siomay kingsley iki ora nduwe cabang ning panggon liya. Panganane enak, utamane batator lan siomay lan baksone lan ora nganggo pengawet. Lan lak pengen dinggo oleh-oleh ana paket sing iso digowo muleh. Dipertahane eneh kualitase.",positive
707,"Aja nganti pesen liwat layanan iki ya kanca-kanca. Nguciwakake! Vila -ne reged, kabeh berkakas ora pantes dienggo",negative
514,"Pendaftarane mulai sesok, kementerian kominfo mbukak beasiswa pelatihan digital dinggo wong 1.000",neutral
855,"Minangka netijen sing lagi april kepungkur piknik nyang toba, mung sir omong lak tenan akeh perkara sing nggelakne saka sistem pariwisata ning kana. Parapat -e reget, angel golek akomodasi sing tenan-tenan apik, agen transporasi ora profesional, pokoke ora direkomendasikne dolan nyang parapat.",negative
412,Reget banget lan ora digatekake karo pelayan restoran. Nguciwakake tenan pelayanane!,negative
590,"Panggone menurutku biasa ae, kurang resik. Panganane uga biasa ae.",negative
456,"Kango usaha sing ditokne marang panggonan iki hasile biasa-biasa war. Sing nguciwakake yaiku kuwalitas panganane. Panganan mung kaya masak thok. Kanggo kelas kuliner bandung sing enak-enak, iki nguciwakake. Ana karcis mlebu per uwong 10.000 lan mobil 15.000.",negative
467,Aku sakaluwarga lagi nggolek panggonan mangan lebar nonton. Dhewe bosen mangan ing resto / kafe ing mal. Ujug-ujug katon resto ing tengen dalan. Uwis suwi dhewe ora mangan kari. Mampir dhewe marang resto sing kagolong cilik mung 9 meja. Jebule enak panggonan lan panganane.,positive
852,Kopi starbucks nyapo isa enak banget seh,positive
861,"Jerene ning kana bakale dibangun transmart, ning sisih bangunan iku.",neutral
628,"Tenan pengalaman unik, mangan ing tengah sawah ing antarane pari sing meh nguning. Kanthi pilian menu sing variatif, penyajian sing apik lan nggugah salera.",positive
181,"Mangan abreng karo dulur-dulur wedok kala wingi, panggon nyaman, enak kanggo nongkrong, pelayanane apik. Wis ping bolak-balik mangan ning kene.",positive
208,"Panggonan oleh-oleh komplet lan cukup nyaman, penak dijangkau, regane kajangkau, lan pelayanane grapyak",positive
122,"Hai eviana, ngapura amarga ora nyaman. Kanggo kontak saka indosat isa ngakses tautan iki: Mangga dicek, yo. Matur suwun. Erf",neutral
655,Menune indomie karo roti bakar. Kanggo panggonan padha karo cabang sing liyane kapenak kanggo ngumpul.,positive
182,"Sambel nganggo godhong serawung, tomat, lan lombok rawit. Rasa sambele iki sek nggawe kutha ing garut sek jenengane cibiuk dadi kondhang. Sambel iki isa dinikmati nganggo gurame goreng utawa nganggo pithik goreng. Rasane tenan enak. Liyane ing lengkong cibiuk uga ndhuwe akeh cabang",positive
316,Aku wis konfirmasi marang pihak gramedia nanging diputer-puter ora ana kajelasan. Pihak gramed nganti spv ing outlet kuwi saling mbuwang lan nyebutake ora ana promo. Kuciwa diputer-puter kaya kuwi,negative
216,"Sugeng siang, yen ana bab liyane sing bapak bakal takokake isa nyebut dhewe maneh. Matur suwun zan",neutral
865,"Menurut awakdewe panggon iki biasa ae ora ana atraksi utawa pemandangan sing menarik karo rega tiket 10000 / uwong, lak pemandangan gunung ya pancene wis kudune merga ana ning daerah duwur. Dingge wisata kuliner uga ora tek akeh pilihan kaya panggon sing siji maneh.",negative
894,"Aku wis dadi pelanggan madtari kat tahun 2002, pas kuwi isih awujud warung terop cilik sing rame banget pas wengi. Pirang-pirang tahun kepungkur manggoni bangunan sing permanen, kat iku aku ngrasa kualitase radak muduk dibandingne karo pas ning warung terop. Sing jelas, rega mundak cukup signifikan, dibandingne warung sakrupa, paling luwih larang.",negative
329,"Komentar kapisan wis mesthi panggonan sing apik, pelayanane grapyak tenan, lan kanggo menu sing dipilih yaiku iwak bakar lan sop buntute sing aku menehi biji 4 nanging kanggo es buwahe kuwi aku menehi biji 5 ya!",positive
169,"Ing restoran iki panganan kang disediakake akeh banget lan regane cukup kajangkau, kahanane sek enak lan nyaman",positive
374,Aku meri ndeleng kaliyan sing isa nemukake rasa seneng.,negative
558,Bar tuku pulsa arep daftar paket internet gagal terus lan dikongkon mbaleni terus ning 363 lan panggah ora isa,negative
776,"Panggonane apik tenan apa maneh dina mbengi dihias kanggo lampu-lampu, romantis tenan. Cocok kanggo pasangan. Adoh saka reramenan. Hawane adem tenan. Dhewe iso ndhelok apike kutha saka ndhuwur.",positive
56,"Panganane enak enak lan eye catching kanggo di foto, seneng. Nanging ombeane uga enak lan panggonane kepenak kanggo ngumpul ngumpul karo kanca.",positive
529,"Iki kaping loro dolanku. Kabeh panganan sing tak jajal eco-eco, lan panggone sik seapik biyen. Ora tau nyesel aku mangan ning kene.",positive
676,"Panganane pithik asap lan sandwich keju, ombeane jus. Lumayan pas lan enak. Panggonane mesthi enak kanggo sing pengen suwasana sepi santai adoh saka rame.",positive
312,Obat tanpa resep kudune diadohi ibu menyusui,neutral
568,"Makin akeh eruh, makin cemburu.",neutral
454,Karyawan males kanggo ngapa diwenehi cuti. Bisnis lagi elek malah arep foya foya Mikir mulakno!,negative
487,"Panggongan sing jejeran kanthi banyu kali lan rimbune wit-witan lan panganan sing enak nggawe betah lan cocok kanggo ngaso, aneka werna jajanan uga kasadia ing panggonan iki, hawane uga seger.",positive
621,"Tulung ya minimal, kanggo kamudahan nasabah supaya ing njero stasiun tigaraksa diwenehi mesin atm bni",neutral
820,"Kupat tahu gempol iku salah siji kupat tahu legendaris. Panggone ora tek gedhe nanging cukup nyolok karo werna abange ning protelon pasar gempol. Porsine pas banget dingge ngilangne luwe. Ciri khas saka kupat tahu iki yaiku tahune lembut lan kenyel lan duduh kacange pas ning ilat, dicampur karo lontong, capar lan krupuk abang. Enak banget.",positive
44,"Wah pada karo aku iki masu nembe wae, paket freesom 1 aku hurung entek namung wis 40 ewu aku disedot perampok",negative
766,Omah mangan iki mesthu kagolong murah yen dibandingake karo omah mangan sakjenise. Nanging panganan sing disediakake biasa wae ora ana sing istimewa. Akeh-akehe panganan mung iwak utawa oithik kanthi cara masak digoreng. Bisa diomong menu panganane ora ana variasine blas.,negative
401,"Kamar mandine adoh saka pantes, kanggo wisuh tangan ora disediakake sabun.",negative
537,"Kahanane cocok dingge kabeh wong, dinggo awakmu sing sir dewean, karo keluarga, utawa karo kanca-kanca cedek ijolan cerita",positive
733,Bakso favorite dhewe sakaluwarga. Rasane gurih lan super enak. Dikancani karo es jeruk lan kerupuk putih. Super yummy deh. Regane kajangkau tenan. Lokasine mlebu gang cilik nanging gampang ditemokake amarga akeh uwong sing ngerti ing lokasine.,positive
717,"Ora enak mangan ing restoran, ora bisa njaluk duduh opor pithik setitik kaya ing warteg.",negative
298,Mundake presentase sing minat ride sharing nggarai toyota nekat nggelontor duwit sampek $1 milyat ning grab ben iso nylametne bisnis otomotife.,neutral
124,"Pemandangan kutha bandung sing apik iso dideleng saka sierra kafe lounge. Ana rong pilihan panggen, isa ning jero ruangan utawa njaba. Panggon sing romantis sekeco kanggo wong loro lan sekeca kanggo nglumpuk bareng kanca-kanca karo ngilangne kesel, merga udarane adem lan nyegerne. Panganan sing disediakne uga enak lan akeh pilihane. Ana masakan indonesia, asia, malah eropa / panganan kulonan barang.",positive
364,Omah kuwi ndhuwe pager gedhe werna ireng.,neutral
793,"Restoran unik, nalika ora disediakake piring, kanggo mangan nganggo lepek godhong gedhang. Panganane cukup enak.",positive
18,Bapakku pegawe net tv,neutral
622,Indomie akeh ditemukake ing warung-warung paling cepak.,neutral
224,Angel banget ngerteni wong sing terus rumangsa pener,negative
393,Ngimpi dikon nggolek coklat karo gordon ramsay eh malah kacampur karo duduh indomie,neutral
158,"Iyo seh mi sedap isine luwih akeh, nanging perkara rasa kalah adoh karo sing liyane",negative
741,"Wah enak tenan, sate sing nikmat bumbu sing pas, rasa sing pas lan iwak sing seger, nganti ngasilake sate sing tenan mantep. Pelayanane sing grapyak.",positive
318,Wektu teka marang mrene egek udu musim stroberi dadi pada cilik-cilik lan ora apik. Dadi mung njupuk seanane wae. __sad__.,negative
51,"Peresmian operasi sepur bandara dening presiden ri kanthi simbolis, mejet tombol sirine sek nyuarakake genta, dikancani dening menteri perhubungan, menteri bumn, gubernur banten, dirjen perkeretaapian kemhub, dirut ap2, dirut pt kan, lan dirut railink",neutral
817,Masakan restoran iki rata-rata ora enak.,negative
52,"Cocok kanggo mangan mbengi romantis karo pasangan nalika ngrameke wayahe wong loro, panganane enak lan ndhuwe kelas.",positive
935,"Batagore enak, mi ne enak. Ana aneka panganan sing isa dicicip ing sak panggonan, apameneh saiki tokone uwis direnovasi dadi apik. Ana musala. Area oleh-oleh akeh pilian.",positive
607,"Nembe nganggo pirang dina langsung hang, power bank ora isa dinggo apa-apa. Kudu gawa marang panggonan servis.",negative
572,"Restoran sing nduwe pemandangan sing apik, lak mrene pas dina wengi golek o panggon lungguh ning jaba ruangan, makane awakmu kabeh bakal ndelok mben meja lampu lampu sing murup, panganane sing awakdewe pesen yaiku sup krim lan cokelat anget enak banget lan lezat pas karo cuacane sing adem",positive
193,"Panggona jan romantis lan nyaman. Karo kahanan sing nyaman banget lan pelayanane sing apik. Panganane enak pol karo regane sing sumbut. Pingin banget mbalik mrene nikmati kahanan wayah sorene. Kabeh apik, sekeca banget!",positive
41,"Panganan court sing akeh penyewan, akeh pilihan. Cocok kanggo bocah enom sek pengen nongkrong kelompokan karo mangan - ngombe sek cocok karo dhewe-dhewe. Parkire ambane pol.",positive
977,"Maturnuwun mas kanggo apresiasine. Muga-muga dheweke enggal nemoni wakil awake dhewe, korban phk sakpihak freeport.",positive
290,Meh luwih ping 5 aku merene. Dim sume yahud lan regane mirah banget. Panggone asyik lan nyaman banget. Sing ngllayani grapyak masiyo awakdewe mung wong loro lan mangan ora akeh jenise. Pokoke rekomendasi banget lak golek dim sum utawa shabu ning balikpapan.,positive
123,"Panggone nyenengne, santai, lan ora gampang ditemokne, merga sandingan karo toko gede lotte mart.",positive
404,KIPP nampa akeh laporan kaitan anane pelanggaran ing pilkada 2018.,negative
483,"Uwis pirang-pirang marang mrene, panganane lumayan enak, saung-saunge uga nggawe suwasana mangan lan nyantai dadi nikmat, ditambah karo suwara kali cilik nambah suwasana dadi tambah alami. Dianjurake teka marang mrene mbengi amarga luwih apik.",positive
557,Panganan ning kene enak banget. Cocok dinggo pertemuan kantor utawa bareng keluwarga gede regane mirah,positive
516,DHL lagi mbukak lowongan kerja dinggo customer service,neutral
571,Aku njajal sing ning cedek kantor walikota. Aku pesen bakso malang super komplet. Rasane enak. Wareg. Regane uga mlebu akal.,positive
825,"Panggon mangan ning jaba sing amba nyajikne kabeh panganan saka tradisional sampek sing paling modern, nanging rega sing murah meriah sampek sing larang. Penataan dekorasi sing apik bakal nggarai betah.",positive
838,Sing kudu banget dijajal ning rsto iki ana jus stroberi tanpo susu utawa gula. Asli enak banget. Kayake 1 gelas ae kurang ta.,positive
421,"Resto panganan barat sing regane kaki lima, ditambah pemandangan alam sing apik, suasanane sing romantis, asal aja udan, amarga ing teras dibenake kabuka. Resto favorit kaluwargaku.",positive
746,"Pithik gorenge enak ing kene. Cocok kanggo sing lebare perjalanan adoh. Aku marang kene mulih saka njaba kutha, dadi mangane pas ngelih ngono deh. Marakake weteng wareg, panganane enak banjur pelayanane mantap. Kasire ayu ayu",positive
168,"Paketku uga sampek saiki ora teka-teka wis limang dina statuse nganggo pengiriman kurir jakarta, nemen saiki jne",negative
559,"Adol iwak pitik bakar taliwang nanging iwak pitik sing disajikne kaya karet lan ora muasne, lan rasane hambar, sambele uga apa eneke. Saka kabeh ngecewakne pol lan aku ora bakal kaping lorone mrono eneh",negative
137,Dalan. Sukajadi lak bengi biasane ana wang-wang sing ngguwak reget ning pinggir dalan! wang-wang koyo ngana iku kudu diilangne.,negative
748,Paling favorit ing resto iki yaiku bubur 3 rasa. 1 mangkok gede bisa kanggo wong loro karo bojo. Banjur akeh menune kanggo tambahan mangan karo bubur. Rega lan rasa pas. Lan sing mesthi kanca mangan bubur yaiku teh anget hmmm. Enak!,positive
494,Indosat yaiku panyebab aku nesu saben dina,negative
938,Restoran iki yaiku panggonan sing cocok kanggo mangan wengi bareng pasangan lan kaluwarga kanthi panganan sing cukup enak lan pemandangan sing apik. Suwasanane uga apik kanthi hiasan klasik saka pojok nganti lawang mlebune.,positive
214,"Konsepe restoran biasa ae, nanging rega ombee kok larang banget. Mbok dimurahne sitik ta masiyo ning panggon dolan hehe. Maleh mikir bolak-balik dinggo tuku.",negative
698,Susune seger kanthi kluban sing mantep lan rasa kuwahe sing enak lan pelayanane sing tenan super grapyak.,positive
339,"Gelo aku menehi ngerti kowe, Farrel",negative
687,"Sengit lah, aling parkir ora bener, marakake dalanan sempit tok maneh, giliran mobile baret ngomyang-ngomyang nuduh sembarang uwong",negative
992,"Resto iki aku rekomendasikake kanggo kowe tekani yen kowe pengen nyantap karo nikmati surup. Amarga lokasine sing ana ing dhataran dhuwur, kowe iso nikmati kaendahan alam pegununungan lan suwasana kota. Kanggo panganane dhewe ana sawetara cita rasa, saka masakan daerah, indonesia, nganti internasional.",positive
656,"Nyayahake tenan, mbalik lunga saka kampus sore pisan ditambah kerja kelompok sing ora ana enteke, deadline tugas uga mepet tenan",negative
933,Bali duwe pulo akeh sing isa ditekani.,neutral
228,"Aku mangan isuk ning restoran lantai 18 iki lan ndilalah aku entuk panggon lungguh ning njaba utawa balkon. Bantalan panggone lungguh ketok akeh regete. Angine nyebul banter makane mangan isuk maleh ora nyaman. Tak saranne lak awakmu mangan ning restoran iki, pilih panggon lungguh ning jero dinggo nyamane.",negative
210,Kilang lenga sing diambakne pt pertamina nyerep 20 ewu luwih tenaga nyambut gawe,neutral
253,"Restoran ning padma hotel mlebu salah siji panggon sing nyaman lan indah karo pemandangan bukit, lembah lan wit-witan sing ijo. Dadi isa nikmati panganan karo kahanan sing seje. Panganan ning kene cukup rena-rena lan akeh pilihane ora beda adoh karo restoran-restoran liyane ning bandung, nanging ning kene ana pilihan tradisional sing nggarai aawakmu isa ngrasakne khas panganan sing seje karo nikmati alam.",positive
398,Saiki udu jamane janji. Dhewe rakyat uwis bosen alias muak,negative
279,Aku lan bojoku biasane nginep ning jimbaran pas dolan nyang bali,neutral
539,"Bingung wis, mesti ae ora isa melu nangkring merga pancene rame banget. Yauwislah ya ketoke pancen luwih enak aku drive thru ae berhubung ning pusat kutha posisine sumpah iki mcd paling rame.",negative
64,"Bocah jiden soksokan ora wedi, dijei nonton film horror oke ayok, rampung nonton ora wani nang kamar mandi",negative
391,"Kuwalitas lounge nguciwakake tenan. Adoh saka eskalator, lewat lorong-lorong kotor. Desain sempit dawa.",negative
976,"Sanadyan ora tau etuk gubug pinggir sawah, nanging pesona lan kanyamanan mangan ning gubug liya ora dadi biji minus kanggo panggonan mangan iki. Akeh gubug sing kapenak kanggo didadekake panggonan mangan, kuwalitas panganane uga super lan enak. Coba iwak bakar godhong, wangi, pedes, lan sedep banget.",positive
358,Yen urusan panganan sing enak-enak kaya iki rajane. Udu mung panganan sing mantap nanging susasanane makin anget apa maneh bareng kaluwarga utawa kanca. Lagu-lagune uga nglipur tenan.,positive
403,"Uwis kaping pirang-pirang mangan ing panggonan iki. Menu yaiku menu khas sunda, utamane kasadia menu sing uwis langka ditemukake ing omah mangan liyane ing bandung. Rasa panganane, tenan enak",positive
201,Rakyat wis waleh krungu ocehane politikus sing apik nyapo ora omong apik. Nyapo kabeh sing dilakoni pemerintah. Kabeh ora ana apike.,negative
397,"Ngenteni mal istana plaza buka ing dina isuk, apike mampir ing mangkok ayam ing pelataran lantai 1 istana plaza, macem-macem jenis menu pilian panganan indonesia, panganan china kasedia. Apike dijajal mi ayam rica tenan puas banget karo ngombe kopi ing dina isuk.",positive
417,"Mangan ing kene cukup nikmat amarga menune aneka warna, mulai saka menu indonesia, asia, tekan tiongkok. Dadi isa nyoba rasa sing aneka warna. Rasane uga ora kalah enak. Panggonane cukup nyaman, pelayanane uga cepet",positive
231,"Mangan ning nduwur gunung karo pemandangan lampu kutha lak bengi iku apik banget. Panganane ya enak, regane biasa kaya ning kafe liyane.",positive
889,"Sebenere rodok lucu uga sih nyang bandung, nanging kok mangan pizza hut. Mung merga lagi pengen pizza. Rasane ora seje karo sing ning Jakarta.",neutral
299,"Biyen aku seneng banget mangan ning kene wektu podo ning jakarta, lagek eruh lak ning bandung uga ana. Panggone enak banget. Akeh pilihan kahanan sing isa dipilih, sir ning jaba, jero, ngrokok utawa ngge ora, ana panggon dinggo kabeh jenis wong moro. Panganane uga enak seh. Ya pasta-pasta ala wong indonesia.",positive
685,Kanggo apa kowe sekolah dhuwur-dhuwur nanging ngomong kaya asu njegok.,negative
632,"Apik lan kapenak panggon, panggonane direkomendasikake banget kanggo mangan mbengi. Teka karo pasangan diladeni karo mbak dela, dijelaskake detail lan grapyak banget. Menune variatif lan enak, pas teka aku lan pasangan njajal menu lokal lan asinge, loro-lorone padha-padha enak. Kanggo saran bae, aja teka marang panggonan iki, isa-isa mbolak-mbalik teka, hehehehe. Pemandangane luwar biasa.",positive
887,"Dingge sing seneng legi, njajal sega pitik jamure. Lak ora seneng, jajal pilih sega iwak asin. Sing terkenal satene, disajikne ning nduwur piring panas. Pilihan liyane sing akeh dipesen yaiku tahu goreng.",neutral
955,Aku seneng banget mangan ning kene. Regane ora patia larang lan rasane enak. Sing paling aku seneng jamur panggange. Akeh kejune lan lembut. Saben mrene mesthi pesen iki.,positive
669,"Ing restoran kuwi kasadia akeh pilian panganan, mulai saka sing murah nganti sing larang",neutral
355,Panggonan sing nyaman lan alami kanggo nggawa kaluwarga santai suasana pedesan alami. Ngenalake bocah karo alam,positive
484,"Uwis seminggu iki pdam ing daerahe dhewe ora mili, apa stok banyu pdam entek. Tanggung jawab tah",negative
842,Kerja saka isuk sampek isuk maneh iku mung bakale nyiksa awake dewe. Dadi ora usah kenemenen lak soal gawean.,neutral
523,"Rasa panganane ora semewah regane. Kelarangen dinggo pengunjung keluarga, grup kanca utawa bisnis.",negative
551,"Lak mampir nyang sukabumi, aja lali nyicip bubur ayam hamid. Asli, enak banget, seje karo bubur ayam ing panggon liyane. Suwiran iwak pitike lumayan akeh, bumbune uga krasa banget, apameneh lak adewe mangane ditambahi sate rempela utawa usus. Dijamin bakale nagihi!",positive
683,Tulunglah pihak telkomsel direvisi rega-rega paket internete regane saklangit.,negative
740,Sing kinurmatan tulung dong jawab pesenku. Matur suwun,neutral
170,Ora mung jenenge tok swike waled. Rasane podo enake karo sing ning desa waled cirebon kuahe taucone asine pas. Swieke gorenge uga enak. Mung regane radak larang timbang swike ning cirebon.,positive
297,Entukno hardisk nganggo rega promo dinggo mben pesen jasa isi hardisk kebeg 1 tb,neutral
277,"Restoran unik karo menu sega goreng sing unik pisan. Sega goreng sing disajikne nganggo level pedes sing seje-seje. Sampeyan seneng pedes kudu njajal sega goreng ning kene. Saklintune punika, sega goreng disajikne nganggo rena-rena resep kaya nganggo ebi, kemangi, kecap legi, bumbu rahasia sampek karo campuran kencur. Mben porsi disajikne nganggo takaran sing pas. Rega mben porsine mulai rp 13. 000 - rp 21. 000. Pelayanane nyenengne banget.",positive
60,Nganggo telkomsel pengen nesu terus mung mbagikake capture kurang saka 100 kb muteer terus ujunge gagal. Nanging yen dipompakake ngomonge jaringane ora ana masalah.,negative
257,"Dienteni ae, mesti diwehi. Biasane paling suwi seminggu kok e",neutral
319,"Enak, panggonane resik nyaman, lan panganan sing disajikake reno-reno. Kajaba kuwi panggonane sing ana ing kutha ndadikake panggonan nggo ngaso uwong-uwong sing blanja lan pegawe kantoran. Regane mesthi wae larang nanging padha karo rasane",positive
72,"Nggolek ing bukalapak wae. Yen kepepet, sauntara isa nganggo duwe redmi 4a.",neutral
449,"Panganane lumayan, nanging ana pelayan sing lumayan kemproh war dadi kurang nyaman. Kanggo panganan rada cepet yo ben ora kangelihen konsumene. Isih akeh sing kudu ditingkatake.",negative
448,"Padahal nembe wae jam 4 sore ing dina kemis. Aku lan kancaku arep ngaso kopi. Aku lali dhewe pesen ombean apa wektu kuwi, mung sing tak eling yaiku pas milih menu a, diomong karo pelayane yen uwis entek. Banjur dhewe milih menu b. Eh, uga uwis entek. Akhire kapaksa milih menu liyane. Cukup nyebelake.",negative
789,"Yen ing kene daginge luwih enak, bumbune sih luwis kerasa sing ning kana, regane uga ora beda adoh.",positive
300,"Panggonan sing apik lan romantis karo pemandangan kuto/kutha bandung karo kelip lampune sing mirip karo ewunan cahya lilin ing dino/dina wengi/mbengi lan hawa anyese pagunungan,. Apa maneh panganan sing enak anget lan rupane sing menginakake banget. Wah eman tenan yen dilewatake. ",positive
908,Penasaran mrene amarga saben ngliwati tol mesthi ndelok iklane ning dalan. Pas mrana jebule panggonane cenderung biasa wae. Mrana pas wengi-wengi ditambah udan uga dadi rada lendhut.,negative
712,"Resto iki cukup amba, suwasanane nyenengake tenan, pangunjung bisa ndhelok pemandangan kutha bandung. Menu panganane kulon lan indonesia panganan. Regane pada karo kualitase lan pelayanane.",positive
77,Bogor bakal dipimpin meneh karo bima arya.,neutral
283,"Wulan januari aku uwis marang galeri indosat kanggo registrasi kartu, jare mbake sing tas, uwis diregistrasikaek kok, nanging wingi ora isa telepon lan sms amarga diblokir hurung registrasi. Geleme apa cuba? Matur suwun kanggo pelayanane sing apik tenan.",negative
118,"Aku njajal suis butcher ning selai ning suis butcehr ning stiabudhi, aku uga njajal suis butcher ning dalan. Riau. Aku luwih seneng kahanan ning suis butcher ning setiabudi sing ora patio rame, lan panggone enak kanggo jagongan. Panganane aku seneng tenderloin, salad, kentang goreng, lan tiramisune. Rego lan rasa sabanding kok, sumbut karo pelayanane sing lumayan cepet.",positive
478,"Wifi ing kene tansah eror, panganan lan ombeane radha larang, lumpiah goreng asin tenan, teh susu mung sitik enak, suwi tenan kanggo mesen",negative
594,"Arep nyang hotel ning mongkok hongkong, ora ana! Sasi juni wingi, aku mesen lan wis mbayar dingge 2 kamar. Nanging hotele ora temu",negative
540,Timbangane rame-rame soal barang flash sale mending dolanan poker online.,neutral
925,"Roti Unyil, toko roti sing nyedhiayakake aneka werna roti / kue sing ukuran cilik, kondhang banget ning Bogor lan Bandung.",neutral
506,"Pingin ngewangi menehi hubungan infone, nanging kuota internetku kebates.",neutral
663,"Aku sapendapat, acara kasebut kudu diilangake, akeh acara sing ora guna. Uwong-uwong ing acarane uga tumindhak kaya uwong ora sekolah bae.",negative
505,"Resto nostalgia sing wajib diparani, panggon sing nyaman kanggo keluwarga, parkir sing amba. Panganane meh kabeh eco, pomeneh steak, saslick lan es krim.",positive
187,"Jak en keluargo, kanca sak kantor, kanca mlaku, pacar, kancane pacar, utawa bahkan tipak pacar, kanggo suara award iki.",neutral
184,"Panggone menarik, karo konsepe sing pabrik banget. Sayange meh kabeh menune ora halal.",neutral
534,Dinggo wong jogja seh males mbalik mrana ping pindo. Cukup pisan. Mlebu kudu mbayar. Panganan larang.,negative
327,Akeh kaluwargaku sing kerja dadi pegawe negeri,neutral
14,"Kita mangan mbengi ing restoran kuwi lan pelayanane cukup maremake. Panggonane amba, ana sek nang njero ruangaan, ana sek nang teras. Panganane langsung dipilih seka meja saji nang njero restoran. Ana pilihan menu seger sek bar mentas digoreng pas dipesen lan akehe menu tradisional. Wektu ngenteni ora suwi. Penyajiane unik amarga ora nganggo piring nanging nganggo godhong.",positive
961,Kiriman rada telat 1 hari nganggo kurir kuwi. Luwih responsif dong,negative
916,"Wektu pengen mangan variasi panganan, piliane mesthi Hanamasa. Lokasi panggonane cukup enak. Pilian panganane akeh, saka awit camilan, bakar-bakaran, godhokan nganti panganan panutup. Ora nggelakne banget.",positive
574,"Entuko voucher pulsa rp 25.000, - dinggo wong loro sing bejo mben dinane mung karo retweet bniquotes",neutral
888,"Mangan ning resto mewah, rega mesti ae larang, nanging rasane payah, jan nganyelne.",negative
157,Gunane shazam: Ben ngerti lagu-lagu ajaib sek diputer sopir gocar,neutral
382,"Enake mangan ing redsdifo, tembe iki aku seneng banget mangan iwak. Iwake seger, enak, lan ora mambu amis maneh. Pokoke iwak bawale enak. Lan kopi robusta susu mantap. Pokok. A ketagihan tenan. Redsdipo dadi panggonan kesenenganku. Enak pokoke lah.",positive
769,Iki ngapa sih astogo telkomsel lan uga indihome loro-lorone kerep ana masalah! Larang tok woy!,negative
521,Aku lunga mrene mung gur golek sitik hiburan ning kala dolan karo keluarga. Aku mung ngombe karo mangan panganan cilik. Ombenan ning kene regane mirah banget dibandingne karo jakarta.,positive
202,Tagihan indihomeku sasi oktober ini seje karo sing sasi september. Cebloke luwih larang. Nyapo kok ngono? Janjine wektu awit pasang ora biaya liyane lan biaya flat. Iki kok e munggah mudun piye? Mbok sing ajek.,negative
149,"Iki nyesel banget mangan indomie endog asin. Mangane maeng jam 8 isuk, sampek saiki rasane sak bare isi ana! Ora enak banget pisan ya allah",negative
99,"Bakso sek unik. Bakso kanthi jenis jenis isiane sek bedha-bedha. Ana sek isi keju, daging cincang pedes lan urat. Aku milih cincang daging pedes ehmmmm rasane padha karo jenenge. Regane murah, panggonane resik.",positive
929,Marai macet dalan wae iki uwong,negative
269,Bni ningkatne branding lewat stasiun bni city,neutral
778,"Sensasi mangan nganggo tatakan godhong gedhang, kanthi enake cumi bakar lan tempe gandum sing gurih, karo sambel sing nangekna selera. Pancen mantep.",positive
762,"Mie mewek manggon ing dalan pajajaran. Cepak karo area BEC, pusat dodolan gadget. Ing kene dhewe bisa nikmati kuliner khas kaya panganan kanthi cita rasa pedes. Mie nangis bakal nggawe dhewe kaya sing nikmati tenanan nangis, amarga kepedesen lan kemaningan terus kanggo teko lan mangan maneh. Miene kandel lan kenyel. Enak.",positive
272,Dee mangan susu indomilk ning jero kulkas,neutral
354,Mangkel tenan kawit mau dodolan yakult ora untung terus,negative
105,Ramayana bukak cabang maneh ning samarinda.,neutral
109,Panggon iki kondang banget ning kalangan mahasiswa. Ora mung merga enak regane uga termasuk mirah lak menurutku. Top wis.,positive
833,"Aneka rena karya seni sing ditampilne ning lantai dasar lan kaping loro jan narik perhatian. Liyane iku ning latar njaba akeh karya seni sing isa dideloki. Pemadangane sing nyerukne mripat, lan cuaca sing adem nggarai panggon iki disenengi banget karo wong akeh.",positive
951,"Aku ora seneng karo pelatih sing saiki, strategi sing digawe deknen ora isa dienggo kanggo ngalahke mungsuh.",negative
229,Iki yaiku panggonan mangan kanggo uwong sing ngenteni kaluwarga sing lagi asik blanja. Nanging ora kanggo uwong uwong sing seneng mangan sing enak. Ing jakarta akeh banget panggonan mangan sing adoh luwih enak lan regane adoh luwih murah.,negative
492,"Yen kowe rampung transaksi ngirim, pastikna priksa maneh alamat ing resi sakdurunge ninggalake konter jne pondok timur ya",neutral
212,"Sepak kana sepak kene ajar kana ajar kene, tibake podo nduwe agenda ndelik-ndelik! Megelne!",negative
388,Mangkel udu amarga kowe. Nanging persis dikalahake pssm. Ora enak ati ora enak turu ora enak mangan. Kabeh gara-gara pssm!,negative
954,"Isi pulsa liwat atm bca mau jam 17.48 nganti saiki urung mlebu, etuk tulung dicek? Maturnuwun",neutral
37,"Senen isukku diisi karo kegiyatan wawancara, sakdurunge mlaku marang lokasi aku kudu mesen gojek lan kahanane isih udan.",neutral
561,"Panggon sing paling cocok dinggo golek panganan lak budgete kebates nanging muasake, ning kene akeh banget pilihane saka mulai masakan khas saka daerah ning indonesia sampek masakan modern.",positive
980,"Aku ndelok akeh pangguna indosat kena pamotongan pulsa, mesakne.",negative
807,"Panggonan sing alami banget, karo menu sing variatif, karo rasa sing pas. Aku seneng karo bandrek jagunge, jagung sing legi disajekne anget banget. Ana rena-rena jajanan tradisional sing wes arang diweruhi.",positive
982,Bapak iki ngomonge ora mlebu akal! Uwong diculik kok malah mikir penculike. Teori saka ngendi iku?,negative
66,"Panggonane gedhe. Buka 24 dina. Cocok nggo ngemil. Kursi sofane kepenak. Sayange akeh mahasiswa sek nggarap tugas nang kana, dadi arang kosong panggonane yen mbengi. Hehehe",positive
479,Ora untung aku melu rombongan kanggo lunga marang bali mbosenake tenan,negative
172,"Masiyo cukup lika-liku kanggo teka nang panggon ini, nanging sumbut karo kahanane sing sepi, tenang lan uga kahanan udara dataran duwur, sing pas aku biasane lak sir mangan ning jaba pas dina kerja merga ben ora tek rame nanging ya kurange ora ana wong musikan. Dinggo panganane cukup enak lan keluargaku cukup nikmati.",positive
519,Cocok banget dingge mangan bareng keluwarga ngrasakne panganan sing enak karo jagongan ngilangi penat bar sedinoan tandang gawe pokoke paling apik wis,positive
715,"Teko marang restoran iki ora ana bosene, apa maneh ini mbengi minggu dhewe sakaluwarga seneng tenan panggonan iki amarga ana live musike. Suwasanane ora owah nahunan. Menu sing disajikake egek tetep padha, saka mulai menu eropa nganti menu khas indonesia tetep nyengsemake. Porsine uga ora kalah akeh.",positive
641,Yen ndhelok raine uwong iki hawane emosi tingkat dewa,negative
348,Panganan india miturut ku ora enak. Kakehan bumbon,negative
22,"Dhewe sakaluwarga marang tempat iki amarga dina wis wengi lan ora ana resto liya sek buka. Jebule jam 10 mbengi panggonan iki uga egek macet, parkir kebek lan jagongane ing njero resto kebek. Petugase sing ketok kesayahan aleng nglayani karo mbesengut. Ampun Akhire panganane dhewe gawa marang hotel.",negative
620,Oh iya aku pengen fitur nyetak resi otomatis dibenakake.,neutral
126,Awal taun iki bakti budaya djarum foundation kerja bareng karo garin workshop,neutral
83,"Kanthi tuku morinaga chil kid lan chil school rega rp 500. 000, ibu isa entuk voucher gopay rp 50. 000.",neutral
966,Wektu iki para lelungan pecinta diving kecewa banget karo kahanan teluk ambon sing ketok asri nanging kotor banget,negative
493,"Rekomendasi kanggo mangan awan ala indonesia, pilian panganane akeh tenan gari ngacung bae. Paling akeh sing bentuk gorengan, kaya empal, pithik goreng, tahu goreng lsp. peralatan mangan sing dienggo sing ala model jaman mbien, kaya piring seng, ngelingake mangan ing jaman mbiyen. Pelayanane cepet. Mantap",positive
466,"Panggonane nyaman, akeh angine banget nanging uga seger. Konsep panggonane apik, kamar vipne apik tenan. Cocok kanggo instagram banget panggonane. Cocok kanggo njagong-njagong karo kanca, kaluwarga, pacar. Panganane uga ora elek, lan regane uga kajangkau. Mbak kasire wektu kuwi grapyak tenan.",positive
672,Iki tuwa bangka uwis mambu lemah kok ora sadar-sadar ya. Menungsa paling elek sing paling mambu,negative
581,"Ora ana sunlight lan mama lemon, garnier men turbo oil control pun dadi dinggo ngumbah tangan bar masak alias lunyu cuy bar kenek lenga.",neutral
379,"Batagor kingsley enak tenan lan disenengi karo kaluwarga lan warga jakarta. Saben marang bandung, kaluwarga lan kanca-kanca mesthi njaluk ditukokake batagor kingsley.",positive
858,"Kopi sing paling enak ning kene yaiku kopi apokat lan kopi gedang. Kopi campur apokat ora nggarai rasa kopi iki mudar, cocok banget ning ilatku minangka pecinta kopi campuran. Jenis panganan sing disajikne uga lumayan enak, favoritku yaiku kentang gorenge dinggo rega kejangkau.",positive
311,Dheweke konangan nggawe indomie goreng jumbo sanajan nek 1 kuwi ora maregi.,neutral
261,"Pas dolani panggon mangan iki merga dijak kanca bisnisku. Pas aku nikmati mie iki rasane nduwe citarasa sing nikmat banget. Sayange pas iku, mi ku kasinen. Dadi mi sing kudune nikmat ora isa tak rasakne. Dinggo kondisi panggon sing kegolong biasa-biasa ae. Dinggo rega kegolong larang banget. 2 mangkok mie regane rp. 95.000.",negative
582,Sopir iki ora gelem mapak barang kat awan mau. Tulung ditandangi.,negative
414,Isuk sing nyayahake rasane pengen meneng wae,negative
155,Bidangmu uduk ning dunya politik goblok!,negative
351,"Penasaran pinggin dijajal pithik sik cukup terkenal kuwi. Awan kuwi sepi, pesen pithik bakar. Jebule pithik bakare pedes. Bocah-bocah ora isa mangan. Kudune pelayan nakokake arep pedes utawa ora amarga ana 2 pilian. Banjur aku njaluk 2 pithik bakar sing ora pedes. Ampun! Pithike mung kaya digoreng banjur dilumuri kecap. Dhewe uwis ilang napsu mangan.",negative
857,"Awale magu-magu karo kecepatane pelayanan ning kene nanging lumayan lah, pas wektu kok. aku lali pesen jus apa kayake jus campuran ngono, oke sih. Lan panganane uga oke. Ohya iki dheweke menehi gratis es krim. Isa dijajal takon karo pelayane. Seneng.",positive
248,"Aku nyang bandung lagek dek wingi wis keturutan mangan ning kene. Awakdewe mangan ning the valley suki. Warek, enak, pelayane grapyak, lan pemandangane keren lak awakdewe lungguh ning sanding cendela. Ya karo rega rp. 190.000, - / uwong uwis termasuk pajek awakdewe isa mangan los, sisteme kaya hanamasa tapi luwih asyik panggone.",positive
280,"Bingung arep mangan nandi sing panggone asik, panganane enak lan regane terjangkau? Mrene ae. Aku lan bojoku nikmati banget. Sing mara akeh-akeh cah enom dadi melu-melu ngrasa enom maneh.",positive
11,"Seko panggonane / lokasine cukup gampang digolek. Bangunan lan isi seko bangian njerone apik, apa maneh ana taman cilike nang njerone sek uga diisi karo gentong sek banyune dibenake mili terus. Nggawe susanane dadi tambah romantis lan nyenengake. Menu sek disajikake lumayan akeh lan seko segi rasa lumayan enak.",positive
739,"Menu sushi kurang akeh, yen bisa ana menus sushi kanthi porsi cilik 2 tugelan. Kudune ana sing nglengkapi, wasabi, lombok bubuk. Dadi asline kurang istimewa.",negative
881,Lagek pisan iki aku mangan ning warung iki. Uduk konsep kafe utawa resto nanging tampil karo warung mangan sing nyajikne panganan tradisional.,neutral
54,"Aku teka marang maxi s resto karo kaluwarga, jebula nang kana ana ngantenan pesta ulang taun dadi panggonan dadi kebak banget. Pelayanane dadi ora apik. Kudune yen panggonane tenan kebak, pihak resto wenehi ngerti karo para tamu sakdurunge tamu markirake kendharaan pas kuwi udah gedhe, dadi jarak panggonan parkir marang resto lumayan adoh. Yen perlu ditutup sawetara sajrone pesta lagi dilaksanakake.",positive
660,Telkom hackathon yaiku sawijine program besutan telkom indonesia sing ndhuweni tujuan kanggo ngewadahi cah-cah enom sing ndhuweni katrampilan ing bidang teknologi informasi utawa pemrograman kanggo ngembangake perusahaan rintisan sing deknen ndhuweni.,neutral
704,Ombeane aku ora ana sing seneng. Pithik gorengen biasa bae. Ana saus keju nanging aku ora seneng saus keju ing kene. Ora enak.,negative
805,"Resto kaluwarga sing direkomendasikne banget, pemandangan sakubenge resto sing apik banget, pondok-pondok sing nyaman panganan sing disajikne uga lumayan enak, apameneh yen bengi pemandangan resto apik banget",positive
444,Aku mampir marang restoran iki kanggo mangan mbengi amarga ora sengaja lewat pas ana ing dalan marang hotelku nginep lan amarga wis ngelih lan aku lan kancaku akhire milih nggo mampir ing restoran iki. Rasa panganane biasa wae bahkan dhewe kudu mbayar ndhisik sanadyan dhewe hurung rampung mangan mung amarga jam uwis nyepaki wektu tutup.,negative
699,"Kesan kapisan nginep ing kene, check in ora isa jam 2 awan amarga sing nginep sakdurunge telat check out, ora ana blas sing ditawakake pihak staf pas dhewe kudu ngenteni sak jam ngenteni kamar diresiki. Banjur dhewe uga diwenehi ngerti yen restoran tutup jam 5 sore dadi yen pengen mesen panganan kanggo mangan mbengi kudu sakdurunge jam 5 sore. Cukup njengkelake.",negative
227,"Nikmati kutha bandung tanpa kulineran, kurang seru, kafe halaman, nyajikake panganan indonesia, gado-gadone enak, pisang goreng kejune uga enak lan sacangkir kopi karo ngenteni kanca teka menarik banget",positive
612,"Setuju saya munggah fase wajar yen tiket munggah. Nanging, rega dasar ing pas fase penyisihan uwis kelarangan. Coba bandingake rega nonton ing malaysia, thailand.",negative
6,"Aku karo bojoku kagodha kanggo dolan nang restoran iki pas dewe sakeluarga dolan nang pontianak minggu kepungkur, amarga adhedhasar biji trip advisor abang kepiting yaiku restoran paling populer nang pontianak. Mbengi kurang luwih jam 7 aku karo bojoku wis tekan lan ndelok suasanane restoran sek ora terlalu rame mung keisi kurang luwih 4 meja thok. amarga dhewe mung wong loro pengen omong-omongan.",neutral
562,Aku teka ning omah mangan iki pas arepe jam mangan awan. Awal aku teka omah mangan iki mung ana pirang-pirang pengunjung sing lagi mangan. Nanging pas teka jam mangan awan omah mangan iki kebeg karo wong-wong kutha makassar. Akehe wong kutha makassar sing teka dinggo mangan awan nggambarne lak panggon iki iku omah mangan favorit ning kutha makassar.,positive
378,Tiket waterboom PIK jakarta dikabarake munggah,neutral
381,Lokasine lumayan adoh saka kutha bandung lan saiki ana 2 gerbang pambayaran kanggo isa marang the peak kanthi total 5000 rupiah. Iki kaya maksakake kanggo pungutan liar amarga kowe ora bakal isa marang the peak tanpa ngelewati kaloro gerbang iki.,negative
211,"Datane lengkap, aja percaya kpk iki ngapusi. Kasus iki di audit 10 taun kepungkur lan wis lengkap. Merga bar iku ana audit aliran dana sing tujuane khusus. Lak sir kan njaluk audit maneh. Wislah. Kasus century iku skandal ngelindungi elit tertentu.",negative
418,"Dianjurake tenan, panganane enak banget tenan-tenan! Dhewe njegok ing panggonan saung sing ing bagian ndhuwur pas jam-jam srengenge lingsut, mangan mbengi dikancani srengenge lingsut! Lan kuwi apiik tenan.",positive
438,"Rcti kakehan iklan ora jelas, ganggu tenan",negative
78,"Apik, liyahe wisata wahana aku uga seneng wisata kuliner. Wiwit aku ing bandung kuliner sek paling aku golek yaiku siomay lan batagor. Bisa uga yen batagor aku wis akrab karo batagor kingsley sek rasane legendaris. Kanggo urusan siomay, rasane ora salah yen pelancong manjakake wetenge ana ing saung siomay iki. Kaya judhule. Teksture alus, bumbune uga pas kena tenan.",positive
830,"Penyajiane lumayan cepet, pelayanane apik lan mestine masakane enak. Dingge rega relatif sesuai karo rasa masakane.",positive
854,"Meh nesu karo indosat, wis rong dina sinyal ngene banget",negative
150,"Wislah indosat bangkrut ae, ning panggen ku ae sinyal ujuk-ujuk arang kading ilang enek ilang enek. padahal wilayah kutha semarang",negative
437,Transaksi tuku pulsa PKN pra bayar lewat mandiri mobile dadi ora efisien amarga kudu telepon 14000 kanggo entuk orane token / ora otomatis.,negative
334,"Ora mesti ing papang katutup kanggo rapat, rapat ing resto iki uga asik. Aja lali mesen sega goreng dendeng karo teh tarik.",positive
867,Samsung galaxy s wis diluncurne mambengi. Aku gela desaine standar banget. Harapanku mung kewujud 70%. Percuma kegawa sampek ngipi.,negative
665,Eman-eman restorane reged. Ndhelok coro cilik ing cepak piring-piring kluban resik sing dienggo kanggo nyajikake panganan. Lan uga ana coro cilik ing lungguhane. Pangarepe karesikane panggonan diapiki.,negative
689,Iya regane 120 ewu. Aku uga uwis ngecek tokopedia.,neutral
213,"Seneng rasane isa ngebarne lelungane adewe ning bandung karo kunjungan terakhire adewe mandek ning the valley pas tanggal 2 november. Dina iku acarane ngerayakne dina pisah karo kanca-kancane adewe sing lagek arep pindah nyang kantor anyar. Menune rena-rena tapi ribs langsung dadi pilihanku. Menurutku, regane sumbut karo rasa panganane. Top.",positive
139,"Kapal km fungka permata v kobongan, paling sitik telung welas mati.",neutral
84,"Somasi sek dilayangake rohayani, wong kang candu karo rokok, kanggo pt gudang garam, tbk lan pt djarum akhir-akhir iki munculake isu liyane.",neutral
702,Nganggo kartu kredit bca ora untung malah rugi gedhe,negative
424,"Restoran iki udu mung panggonan mangan biasa, nanging bisa didadikake panggonan wisata. Lokasine anyes tenan, panggonane uga apik, nyaman, kanthi pemandangan sing penak didelhok mripat. Menu sing disediakake uga aneka warna kanthi rasa sing enak. Ora perlu ngenteni suwi kanggo penyajian panganane. Rega uga relatif kajangkau. Kanggo panggonan foto uga apik.",positive
498,"Lokasi gampang kajangkau, tataane restoran rata-rata, menu panganane lumayan variatif lan rasa panganane enak, rega kajangkau",positive
777,"Ya kleru encene, macet ngresula, ora macet gumun.",neutral
948,"Omah mangan iki dumunung ing dalan abdurahman saleh, panggonane kapenak lan resik, menu masakane akeh piliane. Rasane cukup enak lan regane uga pas  karo rasa masakane.",positive
808,Kadang mikir piye ya rasane dadi wong wedok ning gym. Akeh mas mas lan om om ndelok. Mesti risih lan ora nyaman.,negative
846,"Awakdewe teka mangan ning restoran iku, ngejak kaluwarga dulur tuwaku. Dheweke kabeh seneng banget kuwalitas masakan ning kene. Awakdewe pesen urang goreng endog asin lan rasane enak banget lan ngeluwihi kuwalitas resto ning hotel lintang lima. Direkomendasikne banget.",positive
363,Pelayanane solaria tenan ora maremake meh ing sakabehane cabang sing ana ing Jakarta. Ora rekomendasi banget.,negative
544,Kancaku nglamar kerja ning tokopedia,neutral
153,Ora mung bisnis keluarga. Nanging jogo urusan negoro lan wong-wong ora kudu nebrakne karo urusan wong akeh alias global.,neutral
752,"Manggon ing daerah bukit-bukit dadi hawane lan pemandangane kapenak tenan, kajaba iku ana akeh pilian menu panganan nusantra, stik utawa pasta uga ana.",positive
662,"Apik, matur suwun kanggo wangsulan sing lengkap banget lan jelas ya",positive
255,"Iwak pitik gorenge enak, teronge goreng uga. Ning pas arep njajal jengkol gorenge wis entek. Oh ya jus kedondongne uga seger.",positive
780,"Senin isuk tenan mesthi ora kekancan, mulai saka nganggo kudhung ora rapi, dalanan macet, transjakarta arah senayan ramene astaghfirullah, absen telat punjul jam 8, ora melu donga isuk.",negative
896,"Cemburu iku rasane ora enak. Cemburu kuwi mangan ati. Cemburu kuwi lara, lak ora diungkapne",negative
90,"Kaunggulan holycow dibandhingake karo resto steak liyane yaiku wagyune sek mantap. Favoritku yaiku wagyu sirloin steak sek dinikmati karo saus jamur. Rasane mantap. Daginge kandel lan dinikmati karo pipilan jagung godhog, kluban bayem lan masih kentang. Enak lan mantap.",positive
999,"Hai ditha, dhewe informasikake yen pembayaranmu uwis mlebu ning akun rekening dhewe nanging pesenane ora sukses.",neutral
127,"Nanging lak sesuk sir golek, de'e ana ning rak sing cedek krim wardah, sebrangan karo rak losion citra, mbak.",neutral
340,"Resto kanthi konsep saung2 sing manggon ing njero komplek perumahan. Panganane sing disajikake macem-macem wiwit saka sunda, panganan kulon, lan liya-liyane. hawa cukup anyes ing dina mbengi utawa nalika udan dadi disaranake nggawa jaket. Dalan antar saung nganggo watu-watu dadi kadang-kadan lunyu yen udan",neutral
207,"Panggone nyaman sanget, panganane enak, kopine enak. Pas kanggo nangkring bareng kanca-kanca utawa mangan wengi.",positive
258,"Lak kuota ku sesuk ora mbalik, aku arep nesu-nesu nyang indosat",negative
701,"Panggonane kapenak, panganane lumayan enak. Kangggo sing arep mitro suwi-suwi cocok tenan ana akeh panggonan lesehan kapenak banget ditambah karo hawa kang sejuk.",positive
727,Rasa panganane cukup enak. Lokasine cukup strategis cepak eskalator mudun lan munggah mal. Sakabehane apik mantep.,positive
496,"Hai, ya, mangga kowe entuk njajal lakokna mbayar pdam ing bukalapak.",neutral
197,"Enkaolshop, paling kenek dipercaya, barange apik apik",positive
301,"Asline iki basa ana ing dalan karapitan sakngertiku, saiki memenag wis kasebar ing sawetara panggonan ing bandung. Panganane uga ora mung bakso, nanging ana sawetara panganan tambahan sing liyane. Kanggo rasa uga ora pati spesial. Kanggo rega karo ukuran rega bakso ing bandung cukup larang. Ditambah pelayanane sing kurang apik ing ciwalk.",negative
274,"Kudune sik berhak entuk cashback 5 y uta nganggo cara langganan paket iplan 500ewu selama 24 sasi lur. Lan isa uga nyicil 0% nggawe cc bca, bni, mandiri, cimb niaga.",neutral
871,Ora nyesel uga mangan ning solaria panggone resik lan cocok dinggo keluarga uga. Panganane cepet metu bar dipesen.,positive
507,Cepot saka anggota polisi ae. Timbangane dadi sing ngrusak jeneng apike korp.,negative
845,Nyesel maeng ora nyang toko kuwi. Malah tuku perkara-perkara sing ora bakal kangge. Mung merga luwe mripate dadi tuku:,negative
905,"Mangan ing pinggir dalan, panganane ora enak, pelayanane ora apik, rega larang.",negative
111,Kanggo ngajukne kerja bareng / sponsorship ibu elsa isa nelpon: Pt. Bank mandiri persero tbk corporate secretary,neutral
595,Produksi maneh to indomi goreng sate. Digolek-goleki wis ra ana. Rasane enak seje karo rasa sate merk liyane,positive
19,Isuk-isuk pengen nesu karo sinyale telkomsel.,negative
670,"Antreane suwi, panganane uga suwi lan rasa panganane biasa bae lan larang",negative
284,"Nemen banget xl wis saiki kayake, kudu ganti provider liyane mung larang tok kualitase elek",negative
252,"Sepur mutiara timur wengi, sby - bnywangi eksekutif nanging kursine nggilani lan reget banget. Ora sumbut karo regan sing larang banget, nggarai gela pol",negative
117,"Aku milih panggon mangan ning omah-omahan sing pemandangane sawah pesen sega timbel komplet, srabi oncom lan colenak pesenane teko ora kudu ngenteni suwe. Mung aku gela karo srabine. Ora podo karo ekspektasiku. Ora enak.",negative
684,Payah tenan pelayanan pos indonesia wektu iki,negative
554,"Iki indihomeku gangguan maneh iki. Aku lagi ana garapan ujug-ujug pedot, abang kedip-kedip, lagek seminggu ya wifine, wis gangguan maneh. Indihome telkom saiki akeh gangguan ya, mbayar mesti larang, nggarai gela pol.",negative
337,"Miturutku bebek garang iki ndhuwe varian menu bebek sing cukup akeh. Aku seneng gabungane bebek lan sambel, rasane pas. Kanggo rega sekitar 20 - 30 ewu lan miturutku cukup padha karo rasa saka panganan ing kene.",positive
837,"Cocok dingge pertemuan, acara kawinan, pemotretan. Suwasanane tentrem, santai, adem.",positive
967,Saben mrene aku pengin suwe-suwe lan ora pengen muleh cepet. Pelayanan sing grapyak lan panggonan sing kapenak.,positive
577,Restoran iki nyajike masakan bali sing kebek modifikasi dadi terkesan disesuaine karo ilat konsumen sing nota bene uduk wong bali. Telung foto sing tak lampirne kuwi yaiku panganan sing awakdewe pesen.,neutral
578,"Lak ning akeh panggon steak butuh wektu suwi sakdurunge lak nyajikne, ning panggon iki menurutku luwih cepet lan sumbut karo ilat lan karo dompetku. Aku tau ngenteni kanca sampek 2 jam ning kene, nanging ora krasa merga panganane nggarai aku lali wektu. Hehe",positive
692,Yen arep tuku obat lunga wae marang kimia farma sing ana ing pungkasane dalan kuwi,neutral
380,Pelajaran matematikan bocah sd siki engel engel,negative
755,Restoran ing kene mesthi kebak amarga manggone sing strategis ing lawang mlebu mal. Rasa bubure cukup enak. Proses penyajiane saka mesen nganti dihidangake uga cukup cepet.,positive
788,Tibake aku lagi bingung mas mulane nggawe story kaya ngono,negative
616,"Kanggo sing lagi marang cirebon lan nggolek panggonan sing enak parkire lan panganane butuh cepet, luwih apik marang rene amarga parkirane amba lan suwasanane kapenak",positive
396,Mm nelangsa yen mrene tansah ngenteni: Mine pedes banget. Hehe kursine uga ditambah lah ben ora ngenteni,negative
259,"Pancen faktane awakdewe nduwe akeh lemah ning kene, arep nyapo kowe?! makane nyambut gawe ben isa akeh duwit kaya awakdewe, aja mung isane ngelokne ae",negative
850,Restoran The Valley iki pemandangane nyang kutha ne nomer 1. Nikmati suwasana wengi karo lampu kedap-kedip apik banget.,positive
289,"Lak nyang semarang wajib mangan mie kocok iki, menurutku paling enak. Masiyo panggone ning pinggiran ruko, lan dinggo panganane mesti usaha dinggo entukne bangku, nanging layak banget lak dibandingne rasane. Kikile akeh, duduhe gurih banget lan miene amba lan tipis. Regane uga mirah. Teh paling sae mie kocok ning semarang.",positive
0,Maling kang tenanan wis di pastikake jenenge lulung,negative
647,"Mesthi ya kayane aku ora ditakdirake nikmati indomie goreng, sanadyan mung nggodhok mine lho. Isa-isane kaliwat lembek.",negative
643,Nike ngetokake produk sepatu paling anyare,neutral
532,"Wektu aku nyang restoran iku, pelayane marani aku lan takon dinggo wong pira.",neutral
217,Roti bakar duti iki uwsi ana kawit mbiyen ing kene. Rotine biasa bae sih. Mung menu pilihane akeh tenan. Apa wae ana. Nganti kadang bingung arep milih sing isi apa. Uga ana dodol bubur. Uga okelah.,positive
901,"Kuota dadi entek resik kanggo ndelok foto-foto sing mung gawe aku srei, panganan enak-enak sing marai ngiler",negative
596,"Aku seneng banget mangan ning restoran iki, menu masakane rena-rena, rasane enak, regane ora tek larang.",positive
952,Kurang pas yen teka menyang bandung tanpa nyicipi batagor. Batagor burangrang yaiku salah siji sing rasane enak lan saose uga gurih.,positive
112,"Sing mangan rame, antri, menu panganan, panganane biasa koyo ning omah. Rasa biasa ae. Rega ora podo kualitas rasa.",negative
912,"Aku iso kondo iki yaiku resto sing cocok kanggo kaluwarga. Sambi bojoku blonjo oleh-oleh, aku isa nikmati mangan awan ing resto iki. Anak-anakku isa dolanan ing panggonan dolanan nganggo tiket sing murah.",positive
635,"Panggonane rame tenan, panganane macem-macem. Desain lan lingkungane kapenak. Hawane sejuk, akeh panggonan dolanan bocah.",positive
386,"Baik mbak/mas, uwis gelem ngenteni kanggo kendala karo provider telkomsel bakal ditanggepi karo kancane dhewe.",neutral
38,Mesakna personil ungu sik sepi pagaweyan amarga ditinggal pasha,negative
471,"Yen ana pulsa sakgudang, arep ngaktifake wifi kanggo kabeh uwong ben isa internetan",positive
176,Menkeu ngomong lak lemahe rupiah luwih ngaruh nang defisit transaksi sing mlaku,neutral
392,"Isuk isuk ing tol cipali wis macet tenan, nggawe mangkel wae iki",negative
934,"Babagan pergantian rekening kanggo pembayaran autodebet BPJS, Bapak Luqman isa teka menyang kantor cabang Bank Mandiri ngajukne autodebet kasebut ya. Kanggo etuk dilakoni tutup rekening luwih dhisik. ",neutral
785,Mobil sing sadina-dinane dienggo jeje yaiku merek toyota lan wernane krem.,neutral
245,"Kahanan sawah lan nggunung, ana wine cellare. Nanging panganane larang, mestine kualitase isa luwih apik merga akeh restoran sakrupa ning bandung saiki uwis njamur",negative
469,Paling jengkel yen ana uwong ngoomong ing dalan karo motoran apa maneh yen dalane sempit,negative
679,"Pelayanane kurang aktif lan ora grapyak lan kurang isa njelasake menu panganan sing ana, dadi tamu ngrasa ora digagas lan dinengake bae.",negative
597,"Restoran sing apik, pemandangane madep nyang kutha Bandar Lampung, dadi apik banget lak pas wengi. Kahanane tenang banget, dekorasi ruangane ayu banget. Aku seneng panggon iki.",positive
650,Calon pelamar cpns mung entuk ndaftar ing 1 instansi lan 1 formasi jabatan,neutral
58,"Panganane lumayan, aku mesen spring roll patio akeh minyake, rega panganan utamane cukup larang. Panggonane unik nanging lokasine ora patio apik dadi panggonane tansah katon sepi. Pas order apike ngaturake luwih jelas, amarga sek kedadean karo dhewe, dhewe mesen 2 nanging nerima 3 barang. Pelayane sumeh tenan, nanging sikap kasire rodho aneh. Mbok menawa aku ora bakal mbalik maneh.",negative
191,"Iwak grameh bakar lan oseng kakung sing disajekne ning red s dipo sing tak tuku pas wayah mangan awan sasi november 2021, rasane lumayan eco, mung lombok ning sambele lan godhongane kaya: Timun, tomat lan kangkunge uga jeruk ning es jeruke rasane kurang seger.",positive
246,Karya bakti bca finance posisi relationship officer mbukak lowongan dingge manggon pekanbaru,neutral
470,Mangan bakso karo ngomong karo kanca-kanca. Panggonane asik kanggo mangan. Regane ora patio larang.,positive
450,"Ing tengah proses hukum, warga tamansari bandung ngadepi peksanan penggusuran",negative
930,Dina iki arep blanja ing toko kuwi ben isa etuk piranti masak apik ditambah kesempatan mlancong menyang Londo.,positive
420,"Padakna 1 jam, muter stories sing mung pirang detik wae loadinge suwi tenan, indosat apik tenan.",negative
416,Ora bosen lan gumun. Saben teka marang congo kafe. Panggonane tenang. Nyaman. Nyoboo teka dina mbengi. Luwih romantis. Yen nggawa pasangan,positive
863,Regane kejangkau banget lan menu panganane cukup kekinian. Panggon mangane didekor kanthi apik lan unik.,positive
946,Panggonane kurang resik. Kanggo lunga mrana rada angel amarga rawan macet. Dadi mikir ping pindho yen meh mrana maneh.,negative
136,"Timku bakal nganakake mangan mbengi tema ing burgundy. Katimbang ilang, aku lan carikku njajal ngecek panggonane ndhisik sadina sakdurunge. Sisan uga tes panganane. Dalane adoh banget lan munggah medun bukit. Luwih nemen maneh pas dhewe mara mrana kuwi dina minggu sore dadi macet. Tekane ing kana sih pemandangane oke. Nanging model restorane biasa wae.",negative
63,"Aku nganggo bb tipe 9210, aku entuk info kawit wingi, dikenani biaya gprs.",neutral
85,"Handphoneku lenovo, kecemplung ing got pas 2 minggu nembe tuku, gigal ing aspal pas ngebut numpak motor nganti isie nang ndi-nang ndi, teleponku tetep tahan, mantep memang lenovo",positive
824,Batagore gedi-gedi lan daginge krasa banget. Mantep wis. Bumbune rasane enak. Cocok lak didadikne menu dingge cemilan sore.,positive
323,Tenan marakno kesel mbengi iki.,negative
260,Aku wis ngirim email komplen merga telepone ora mlebu terus,neutral
7,Porsine akeh yuyu sekitaran 100 ewe / porsi. Urang bakare enak. Enak bumbune pol akehe rempahe. Rega lan rasane iso dithandingake karo perahu seafood jalan sumatera.,positive
225,Rizal ramli mbeberne carane nyetabilne rega beras,neutral
75,Aku minangka warga jakarta isin mas karo oknum sek ora ndhuwe tanggung jawab sek gelem nyapu bobotoh,negative
812,Bali iku salah siji pulau sing dadi tujuan destinasi para turis.,neutral
476,"Lelungan kala iki kanggo urusan nggolek panggonan sing rekomendasi kanggo kliene dhewe. Jarak tempuh saka bandung kutha cukup adoh memang, nanging bab kuwi isa kabayar kanthi pemandangan sing sing apik ing wektu mbengi kanthi panganan lan pelayanan oke.",positive
724,"Lokasine iku setithik ndelik ing sudut perumahan. Konsep panggonane apik, kaya omah ing ndesa eropa kanthi mester lan tembok kayu. Kajaba ing njero, pengunjung bisa nikmati panganan ing kursi-kursi ing area taman sing unik nganggo drum bekas.",positive
880,Adewe ngedol kabel hdmi premium 1 meter beli 2 gratis 1 ning lapak Rich Com Store.,neutral
526,"Ora sir eruh, Balikno pulsaku. Iki jenenge perampokan. Paket nelpon awakmu uga perampokan. Lagek iki aku komplen.",negative
680,Godhong ndhuweni aneka werna wujud.,neutral
55,"Aku lan kaluwarga njajal mangan ing karamba resto amarga sopir mobil sewa dhewe ngerekomendasikake. Dhewe emang tekan nang panggonan agak mbengi sekitar nganggo. 21 sanadyan restoran hurung tutup uwata siyap-siyap bakal tutup, nanging ora kabeh menu wis entek. Malah ibu lan bojoku mesen sega timbel sek jangan aseme wis entek lan diganti karo sup sayur karo pihak resto. Ora akeh pilian sek isa dhewe pilih. Kurang rekomendasi.",negative
234,"Status ganti dadi universitas, bsi ngadakne seminar motivasi",neutral
133,"Warung mangan jaman biyen tapi rasane panggah podo enake, iwak pitik karo sega kreceke enak banget, kadang aku sengaja tuku dingge mbungkus nyang omah",positive
765,"Lumayan jengkel uga lak saben dina liwat kono terus. Sempit, rong arah, macet uwis dadi panganan sadina-dinane",negative
546,Adikku ketampa ning teknik lingkungan ITB,neutral
265,"Tulung cepet tindaklanjuti sambatanku, sakdurunge korban ngeretas gopay dadi nambah,",neutral
798,Menu utama andalane deknen yaiku pithik betutu sing entuk dipilih variasi rasane mulai saka ora pedes nganti pedes banget. Kajaba pithik uga ana bebek betutu sing variasi rasa sing padha.,neutral
67,Ora tau isa ngomong kata-kata kasar nang pasangan sanajan tujuane guyonan / tenan lagi nesu tenan amarga saking hormate aku marang deknen,positive
722,Wingi deknen ndaftar beasiswa djarum,neutral
232,Mas adit aku pesen indomiene siji,neutral
35,"Oh iya nang keterangane kan note 3 pro, kok sek dikirim note 3, ya kuciwa juragan",negative
659,"Uwong lanang nabrak warga kanthi mobil ing prancis, 2 tatu",neutral
25,"Aku penasaran pengen mangan nang kene. Pas pesen, suara mas-mase cilik banget ampun tenan ora jelas aling ngomong apa blubup blubup kaya ngono kui haha. Aku mesen mi ayam 2baso ekstra, pacarku pesen bakso urat soun. Ora let suwi teka pesenane pacarku lan jebule ora sesuai karo apa sek mbok dhewe pengen.",negative
757,Kancaku kerja ing gojek,neutral
703,"Ya, aku uwis ngubungi via halo bca. Nanging kapedhot terus lan pulsaku kapotong akeh yen telepon bola-bali!",negative
957,"Suwasana seger, ijo, nyegerake lan cocok banget kanggo refreshing pas minggat saka rutinitas. Kanggo panganan sing larang miturutku ora masalah amarga lokasi sing apik luwih penting.",positive
330,Bosen karo donya iki sing kebak karo kamunafikan,negative
609,Uwong saiki akeh sing engel ngregani uwong liya,negative
332,Panggonan iki ngiming-ngimingi panganan steak lan iwak kanthi rega murah. Nanging kasunyatane ora murah yen dibandingake karo kualitas iwake sing ora enak. Iwake atos lan rasane cemplang.,negative
869,Isuk wis nesu-nesu merga pelayanan ning bank cabang sanur sing ora profesional lan nggelakne! Ora salah akeh penilaian pelanggan elek.,negative
119,Metu karo mangan awan karo enem keluargo sing isine wong gede karo bocah-bocah. Awakdewe entuk saung sing adoh ning nduwur. Isa mbayangne lah mlaku munggah sing nggarai kesel banget. Panggone pancen apik tapi nggene saung sing adoh lan nggarakke kesel munggah. Tuturku lak arepe mrono ojo pas mangan awan merga mesti bek. Rega panganane lumayan misil. Tapi pemandangane apik banget.,positive
634,Stike lumayanlah enak. Warung iki cocok kanggo pelajar utawa mahasiswa hehehe amarga regane kajangkau. Kanggo panganane oke kok.,positive
307,"Miturutku mangan ana ing kene porsine akeh lan regane murah, banjur panganane cepet tekane maneh lan panggonane uga resik lan amba",positive
264,Wong indonesia iku butuh pemimpin sing visioner uduk tukang dagel.,neutral
565,"Tong dji nyajikne rena-rena panganan lan omben, ora mung teh. Sing direkomendasikne: Teh poci gula watune lan sega goreng",positive
338,"Aku udu uwong sing seneng banget wedhus amarga ora betah karo ambune, nanging mangan ing kene, aku kaya ora lagi mangan wedhus! Iwake empuk, enak lan ora mambu. Suasana restone uga enak lan nyaman",positive
156,"Aku arep nutup kartu kredit saka sasi-sasi wingi, ki.",neutral
71,Apa sek senyatane ora ana setelan,neutral
425,Duh indomaret nguciwakake. Aku arep ndaftar anyar kok malah kena tarif per kb? Pulsa ngurang drastis,negative
775,Aku mesen jaket gunung eiger,neutral
431,"Pelayanane sih memang cepet nanging masakane ngasal-ngasal wae, ngasal dadi ngasal mateng, pesen urang saos tiram, padha wae karo panganan yuyu saos padang, tang kanggo yuyu ora diwenehi yen ora dijaluk.",negative
576,"Restoran nganggo konsep panggon mangan sing asri banget, apa meneh lak wengi kahanane apik banget karo lampu lampune, panganane uga enak rasane. Cocok dinggo panggon nglumpuk karo keluarga.",positive
759,Kapisan njajal amarga ulasan pirang-pirang uwong nanging jebule rasane biasa wae. Sakpiring 30 ewu. Engel nggolek panggonan njagong.,negative
359,"Nembe jarene dikon ngenteni wae nganti sms diterima, wis sedina uga ora ana!",negative
473,Wayahe nggawe karya visual 360 derajat nganggo samsung! Lakokna langkah gampang ing video iki.,neutral
242,"Jerene detil aroma chamomile, nanging kok ambune ora enak ngene sih",negative
92,Aku puas tenan karo spesifikasine laptop asus,positive
104,Entek e minggu sing nyenengna karo keluargo ning panggon sing fasilitase memadai lan regane murah. Preinan makin nyenengna merga ana kebon stroberi sing isa methil langsung saka kebonne.,positive
849,Tulung perhatiane admin. Jaringan ning cileungsi bogor elek banget kualitase. Padahal bayare larang.,negative
615,"Panganane enak: pithik goreng, oseng terong, sup iwak, tempe goreng, sambel. Pelayanane uga apik.",positive
848,"Kaping pisan menyang panggon iki, reservasi lan entuk nomer 3. Njaluk panggon ning lantai ngisor dadi ora perlu munggah ondak-ondakan merga ana sing dengkule lagi lara. Ngenteni meh 40 menit ora ana kepastian. Tak batalne. Maune ora gelem ngeki rating 1 amarga pancet mungkin rame lan panjalukanku khusus, dadi angel. Eh mbaks malah ketus.",negative
131,Hasile ngitung cepet ning pilkada barengan 2018 diwernani akeh kejutan.,neutral
605,Pemandangane apik kanggo nyantai bareng ing sore lan wengi. Panganane cukup variatif lan enak.,positive
286,Aku karo dulure bojoku lagi ngentekne wektu ning palembang. Aku golek panggon mangan lan ketemu bakmi jogja. Bar mlebu kaget merga aku kudu golek panggon lungguh lan golek panggon sing kosong aku mbambung sesuwi 35 menit. Bar pesen menu mi godok. Maneh aku ngenteni sejam lan iki nggarai aku ilang selera mangan kuwi ae ditakokne langsung nyang tukang masak.,negative
897,"Panggon turune reget, bantale mambu kabeh... gawe awak dadi gatel koyo akeh kewane, dadi ora isa turu kanthi angler.",negative
907,Lelungan wengi iki nyayahake banget.,negative
564,"Aku mrene bareng pirang-pirang kanca dinggo mangan awan. Dalan melbu nyang lokasi kafe iki sempit banget lan curam, malah pirang-pirang bagian amoh. Awakdewe pesen pirang-pirang menu panganan. Bar ngenteni lumayan suwi, pas panganan teka rasa lan tampilane nggarai gela. Tibake rasane uga nggarai gela.",negative
441,Padha karo jenenge creative space kafe dadi akeh karya senine sing isa dinikmati ing njerone lan ana pirang patung ing ngisor. Dene ing ndhuwur ana kafe kanthi desain sing menarik lan cocok ditekani ing dina sore. Panggonan sing ana ing lokasi dhuwur nggawe panggonan iki ndhuwe pemandangan sing apik.,positive
481,Sugeng siyang uwong kere. Muga kalian cepet mati utawa tambah kere lan sengsara.,negative
360,Gojek bakal mulai mbuka layanane dheweke ing sawetara negara asia kidul wetan.,neutral
20,Ngandel ora masyarakat indonesia karo pakaryane bapak polisi kang adiluhung iki? Sek jarene wis ketemu karo sek nunggang motor? Monggo panjenengan bijinen pakaryan ing ngisor iki. Entuk biji pira? ,negative
475,Bandung nang ndi wae macet. Jatinangor uga kaya tol brexit. Isa semaput njero mobil kesuwen ngenteni.,negative
144,"Wektu awakdewe teka nang daftar entenan, masiya akeh kursi sing kosong momplong, paling sawetara saka pelanggan ora seneng lan ngenteni karo ndelok akeh kursi sing kosong. Pesen pangaan ning mburi restoran, lan menune lumayan enak kanggo awakdewe. Iki dolane adewe sing kaping pindo, lan siji perkoro sing ngelegne awakdewe iku bakul balon.",positive
186,"Kwetiauw goreng lan teh tarik isa dadi pilihan pangananku ning kene, masiyo ana pirang-pirang sing pesen mi yakim, sampeyan oleh jajal uga sega gorenge.",neutral
524,Sasi iki saldo ning rekeningku nol.,neutral
542,Hotel ibis tamarkan wahid hasyim nggarai gela pol dinggo pelayanane. Utamane masalah pesen panggen! Nemen pol!,negative
238,Cengel banget wes karyawan indosat sing ing graha indosat,negative
914,Aku ora tau nyesel nresnani kowe.,positive
387,Panganan ing kene enak loh. Luwih enak katimbang panggonan mangan sejenis ing balikpapan. Nanging ya regane uga luwih larang. Hhe / uwong tibane 100 ewuan luwih. Nanging marem amarga panganane enak. Kuwah tomyame. Mm. Enak.,positive
840,"Masiyo porsine gede, nanging cara rasa, biasa ae. Rega ora sumbut karo porsi sih. Penyajiane uga ora tek rapi, ya ngono ae.",negative
709,Iki kunjungan kapisan dhewe marang restoran cabang utama. Sakdurunge dhewe kerep pesen saka cabang sing liyane. Amarga dhewe nyana ing kene suwasanane luwih apik lan menune luwih akeh. Nanging aku kaget karo sikap pelayan sing ora grapyak. Dhewe arep njegong ing sofa njaba kanthi saran saka pelayan wedhok. Nanging pelayan lanang ora ngijinake kanthi alasan males ngeresiki.,negative
906,Badan pemerintah siji iki kudu dibubarke amarga saksuwene iki gaweane ora ana teges blas.,negative
883,Bakpao iki wis terkenal saka jaman biyen nanging sampek saiki isih akeh disenengi merga rasane sing khas.,positive
267,Pelayan lan sing nduwe ing kasir ora komunikatif lan ora isa ngenehi rekomendasi kanggo porsi menu sing kudu dhewe pesen. Rasane standar. Parkire angel.,negative
114,"Pas aku pingin golek rena-rena macem pilihan panganan, aku diomongi karo kanca kon mangan ning kene, ora mung murah, tapi uga eco panganane. Mung rodok suwe awakdewe ngenteni pesenane.",positive
927,"Ora bakal ana sing milih meneh, mbok pikir masyarakat saiki isih isa diapusi?",negative
878,Gela pol merga liga champions ora disiarne ning channel ngendi ae mbuh kuwi channel lokal utawa channel olahragne. Kudune sampeyan perjuangke hak siar iku merga pelanggan wis mbayar larang.,negative
734,Mahasiswa aja gagah-gagahan deh melu politik. Sinan wae mrono deh.,negative
43,Ana akeh taman kutha ing malang.,neutral
566,Warga nemokne 2.910 keping ktp-el ning suketan,neutral
743,"Aku seneng karo aplikasi gojek, gawe gampang kanggo akeh aktivitas",positive
829,"Aku tau instal traveloka, nanging merga ora kangge akhire aku uninstal eneh",neutral
199,"Panggone apik dingge poto-poto, lak andem pisan udarane, nanging ojo coba-coba mangan ning kono, wis regane larang, ora enak pisan, gela wis",negative
410,"Emane, handphone xiaomi apa wae ora isa yen mung tuku 16 gb amarga software gawanane kuwi gede banget",negative
204,Iki ana urnag ning walike watu ben bocahe kuwi dipilih dadi wakil presiden.,negative
893,"Seneng banget karo menu kentang panggange. Dingge rega, standar steak lah. Rasane sebanding karo rega. Menurutku suwasanan panggone cukup nyaman lan ana taman ning bagian tengahe. Restoran sing wajib diparani lak nyang bandung maneh!:",positive
809,"Kafe iyup karo suwasana ndesa lan alas madu apik karo coban cilik sing apik dingge rasa cukup enak lan rega ora tek larang, direkomendasikne kanggo sakkabehe",positive
826,Utekmu nyatane mung segede neker.,negative
639,Dadi bosen. Kabeh film uwis ditonton lan saiki mati gaya.,negative
681,Bapak kumis kandel kuwi nyebrang nganggo zebra cross,neutral
26,"Akeh komen ana ing tripadvisor kang nggawe aku penasaran, nganggo modal weteng kosong supaya isa mangan lontong padang kesenenganku jebule bener-bener nggawe kuciwa, akhire aku mung njaluk dibungkusna wae selera mangan dadi luntur. Egek mending mangan lontong padang sek ana ing itb, kanggo rasa isih adoh",negative
167,Kangelan tenan selfie kanggo si samsung galaxy. Sek penting usaha lan tetep nyanyi,neutral
395,"Panganane enak, suwasanane asri tenan lan adem kanthi akeh wit-witan, lan suwara banyu kali sing mili kanggo nambah nyaman lan tentrem. Pelayanan sing cepet dadi dhewe ora ngenteni suwi. Ana panggonan kanggo solat sing nyaman. Menu panganane enak regane kajangkau",positive
671,"Ora tau bose! Saka tahun 1996 aku kapisan kenal pithik goreng suharti, aku langsung ngomong iki pithik paling top sing uwis tahu aku pangan. Resep rahasia lan bumbu kremese nambah cita rasa dhewek saka pithik goreng legendaris asli indonesia iki",positive
239,"Promone ngapusi apa piye ya. Dicek jerene ana promo 77 ewu tapi kuota 30 gb diskon 40% saka rega asline, pas aku ngisi pulsa kabehe 80 ewu urung di daftarne apa-apa wis ke kethok 5 ewu. Nyapo isa ngono ya? Gela seh.",negative
922,Alternatif jasa resik-resik ing jakarta. Aku uwes nyoba. Saksuwene iki hasile luwih oke saka sing liya,positive
428,"Bojoku tuku sawetara barang ing toko sing padha, lan abote hurung nganti 1 kilo, nganggo pengiriman via gosend, dikenakake ongkir 2x, kurang ngajar!",negative
732,Ngapa aku maca pernyataan sikap para calon ketua umum iki kabehane mbosenake. Kaya embuhlah.,negative
713,"Dijeki kanca wektu isih kuliah, jarene satene enak... nanging sakwise njajal kurang mlebu karo seleraku... hehe mung opiniku.",negative
876,"Kesel ning perjalanan sing lumayan adoh saka kutha kebayar karo suwasanan lan lezate panganan, disempurnakne karo pelayanan sing grapyak lan cepet saka pramusaji. Aja lali milih desert buah stroberi seger dihidangne karo susu coklat, sampeyan bakale ketagihan.",positive
637,"Parkirane sabenere amba, nanging amarga pengunjung akeh, dhewe kudu parkir ing pinggir dalan. Nanging petugas keamanan tenan ngrewangi ngarahake. Kesan ora patia amba, saamba omah tuwa standar, nanging jebule ing njero ana ruang sing amba. Ana kursi lan sofa werna-werna jenise, meh ora kabeh padha, nanging kesane dadi nyenengake kanggo ngumpul.",positive
270,"Panganan ing kene lumayan enak, nanging regane cukup dhuwur ngrumangsaku. Dhewe njupuk pondokan ing area kaya sawah-sawah, pas mangan teka cukup akeh laler. Sempet jengkel sediluk amarga sing takjaluk lilin rada suwi ditanggepi. Pelayan sing nggawa panganan suwi lagi wae naggepi pesenan, paling isih anyaran.",negative
882,"Panggon mangan iki sebenere lumayan menarik merga rena-rena kuliner indonesia ana ning panggon iki. Nanging sayang, paling merga ora tek menarik, dadi jumlah pengunjung rasane ngeluwihi kapasitas panggon sing kasadia, dadi kesane sesek",negative
461,"Ora ana matine nyusuri kafe ing bandung. Kalebu panggonan iki, apik banget panggonane, kopi lattene uga pas kanggo ilatku. Rega? Unda-undi.",positive
451,"Pengalaman sing cukup seru, mangan tanpa lambaran piring, nanging mung nganggo lambaran godhong, tambah nikmat. Panganan sunda sing akeh variasine lan cukup enak. Tipse: Aja kegawa emosi lan kakehan mesen lan milih kabeh panganan sing disediakake biasane kalap yen uwis ndhelok panganan macem-macem kaya kuwi. Milih sakperlune.",positive
366,"Pemandangan sing luar biasa saka kafe iki, nyajikake sentuhan cemoro lan eksotise alam alas raya bandung. Kajaba iku pangananan lan ombean sing isa diomong murah banget. Keren!",positive
433,"Wektu pertama buka lumayan. Nanging saya rene kualitase saya medhuk. Mine kurang rasa, uga kuahe.",negative
458,"Resto panggonan mangan wedhus bakar sing tak rekomendasikake sewektu kowe dolan marang kota iki. Wedhus bakare enak, gurih ditambah adoh saka sing jenenge mambu wedhus lan empuk. Sop buntute ora kalah sedepe. Panggonane uga asik banget, uga cocok sing pengen ngentekake wektu bareng kaluwarga utawa kanca.",positive
4,"Penasaran karo ulasane uwong, spesial nggolek wektu marang warung sale. Wiwitane semangat. Nembus macet. Demilah. Nanging kuciwa karo dalane. Kajaba adoh, kondisi dalane sek elek nggawe semangate wiwit luntur. Phisik bangunane unik, ana musik lift. Kapasitas ruangane kabatas kayane. Menu cukup unik lan kreatif. Nanging hurung cukup ndhuwe rega ngobati kuciwane lelungane.",negative
985,Minggu wingi ning kampungku sempet ana jaringan 4G,neutral
706,"Yen marang rene nyiapake weteng kosong ya amarga ing kene konsepe bisa mangan saknemene. Puas banget mangan ning kene, pas kok karo regane. Aku senenge sego goreng, enak banget.",positive
460,Kanggo nakokake kredit mandiri finance bisa uga ing kene.,neutral
331,"Saiki restorane uwis tingkat 2. Sayange nalika aku marang mrana acne mati dadi sumuk. Lan sing nggawe aku gumun, aku ora tau diwenehi struk.",negative
377,"Dhewe mara marang restoran iki ing dino mbengi. Wow, panggonane romantis tenan. Lilin, dalan munggah, konsep lesehan ing tengah suwara curug sing cukup cedhak nggawe suasana mangan saya luweh nikmat.",positive
652,"Panggonan iki nyediakake pirang-pirang panganan, nanging sing aku jajal mesthi wae batagore, panggonane uga resik.",positive
513,Enak. Sing jelas sambel tysonne oke! Mangan nggawe menu apa ae cocok. Siap kepedesen lan timbangan mundak lak mangan ning kene!,positive
530,"Mangga marani tokone awakdewe dinggo sing dekwingi golek handphone advan, xiaomi redmi 4a lan nokia 150",neutral
917,Mahasiswa jaman saiki kakehan sambat nanging kurang makarya,negative
586,"Menune simpel, pastane akeh pilihan rasane, panggone nyaman, ombene uga akeh pilihane, ana panganan penutupe uga. Tambah jadwal pertunjukan musik kudune ben makin top.",positive
783,Tagihan internetku ora mlebu akal 250% luwih larang kang! Njaluk penjelasan.,negative
457,Kuciwa banget. Pesen lan mbayar tiket motor mabur dilaksanakake jam setengah 1 isuk kanggo penerbangan jam6 isuk. E - tiket ora dikirim. Dumadakan dihubungi via email yen tiket sing uwis dibayar uwis entek jam-jam isuk. Yen tikete entek ngapa egek isa dipesen.,negative
520,"Miris bin ironis banget, sikape ora berkualitas! Ora layak dadi wakil rakyat 270 yuta populasi penduduk saka sabang sampek merauke!",negative
17,"Kanggo panganan macem-macem iku mung minyak kakehan tenan, gurame gorenge ora enak amarga ora digoreng garing. Jus sek ditawakna kakehan banyu lan kurang seger",negative
501,"Muga-muga mesti setia ngancani rakyat indonesia saka sabang - merauke, saka kutha sampek pelosok desa.",neutral
27,Toyota manggoni merek mobil sek paling bernilai.,neutral
45,Maklum padha-padha maling kudu nglindhungi siji liyane. Dadi sek dimasalahake yaiku soal prosedur lan udu substansi sing anggota dewan kecekel nerima sogokan.,negative
236,"Rasane lumayan. Sambela uga enak. Apa meneh disajekne 3 macem model ngono. Terus akeh pilihane seh asline sir mangan apa ning kene. Sir grameh, sir kakap, bawal, kerang, cumi, urang. Rena-rena wes. Asal aja pesen iwak kembung ae. Ora ana ning kene.",positive
610,Saiki aku uwis sengit banget online shop gawean asing kuwi,negative
94,"Seko zaman kuliah nganti siki isih doyan wae mangan ing kuis butcher. Enak, kajangkau, panggonane uga kepenak.",positive
372,"Males mangan oreo, seneng nggawe untu ireng",negative
902,"Menu favoritku yaiku sop daging lan ombeane es cincau ireng. Rasane enak, rekomendasi banget.",positive
152,Pemandangan surabaya wayah wengi ndak umum pangananane enak enak nanging regane ndak umum uga adohe ora tek adoh nanging pemandangane ndak umum lan kahanane asyik,positive
790,"Nyingkir saka kapadhatan, menhub ngimbau masyarakat ora mbalik nang jakarta barengan wektu 1 januari",neutral
32,Restoran kanthi penampilan sek apik sanadyan kudu ngliwati kondisi sek cukup curam. Nanging kabayar karo panggonan lan rasa sek oke,positive
302,Steak kang tenanan steak khususe chiken cordon bluene marakna nggawe kangen ditambah mangan sing diselimuti pemandangan bandung sing top markotop. Pas tenan tekane mbengi ya karo pasangan kepiye uga karo kaluwarga tetep asyik. Dalan marang lokasi ancene mbelak-mbelok perlu usaha lan kerja keras.,positive
357,Iki salah sijine panggonan sing panganane enak lan pemandangane adem ing mripat. Kanggo kumpul karo kaluwarga utawa kanca-kanca yaiku panggonan sing cocok.,positive
736,Njengkelake. Senin isuk karo macet parah lan banjir,negative
953,Ora ana sing kabanjur istimewa saka restoran sing nyajikake menu panganan khas sunda iki. Rasa sawetara panganan sing aku pesen padha wae karo rasa omah mangan sunda liyane. Ora isa nuwuhake rasa nikmat sing kuwat lan gawe aku kesengsem kanthi menjero. Mung pithik goreng sambel penyet pesenanku sing rasane sethithik nyedhaki nikmat.,negative
763,"Iklan youtube ngapa ora bisa diskip, ngganggu banget",negative
36,Layanane pt-ne dhewe muasake banget,positive
24,"Kaping pisan teka marang eatalia, aku teka karo kancaku lan 1 uwong bocah. Ora muyengake nalika milih panganan kanggo bocah amarga ing kene nyediakake menu kanggo porsi anak. Dhewe mesen pizza karo roti warna ireng. Kanggo sakabehane menu sek aku pesen ora nguciwakake.",positive
243,Menangne hadiah keren mek karo melu-melu foto kontes apik dingge wong lanang ning alfamart,neutral
969,Yen menyang Bukittinggi aja lali mampir ning Pasar Atas. Akeh pilian panganan enak. Aja lali nggawa kamera kanggo foto foto,positive
362,"Iki mitos sing nggawe taun anyar dadi seremonial lan artifisial, tanpa ndhuweni jerune makna",negative
53,India lagi nggawe superbike listrik kacepetan dhuwur,neutral
57,Wis suwi aku pengen lunga mlaku-mlaku marang luar negeri,neutral
230,"Tenderloin steak ning suis butcher enak banget - ora alot, lan saos kuise pas ning ilat. Liyane kuwi regane pas ning kantong. Mergakno iku, siap-siap dinggi antri lak awakmu dolan ning akhir minggu lan pas wayahe jam mangan pisan.",positive
413,Kancaku uga akeh sing kerja ing bukalapak,neutral
65,"Minimal ngapura, aku arep tuku tiket kita senen - yogyakarta nganggo promo bulan mei.",neutral
903,Disaranke aja lunga marang mrana pas jam mangan amarga bakal rada angel kanggo golek panggonan lungguh.,neutral
161,Nemen pesen bukalapak nanggo gosend dekwingi sampek saiki durung teka piye iki. Butuh barange banget,negative
899,Kamare mambu rokok. Sepreine ora diganti dinggo tamu anyar lan sik ana tipak awu rokoke.,negative
589,Si A omonge tong kosong banter unine ngomong ora enek bobote,negative
636,"Sambele ora bakal ana ing panggonan liya. Rasa terasine khas tenan, asin legine pas. Ruangane memang kelas warung nanging aja kaget wektu mbayar regane kelas resto nanging sabanding karo kualitas panganane",positive
710,"Miturutku stike cukup enak, mung luwah apik pesen sing paling gede wae, kuwi luwih empuk saka sing liyane. Yen marang rene, bisa nyebarake foto ing medis sosial lan entuk es krim gratis. Es krime enak loh: Yen segi panganane oke, saka pelayanane uga apik.",positive
250,Dijaga ya mangane gus pancen lagi musime saiki iku. Iya seh aras-arasen iku malah nggarai lara,negative
719,"Suwi-suwi ing kene aku bisa hipertensi ngadepi pasien bpjs, bayar ora sepira nanging geleme pelayanane eksekutif lan nesu-nesu, numpak kereta wae yen pengen sing eksekutif",negative
