,source,target
0,abang,raka
1,abu,lebu
2,abu-abu,hawuk
3,Accra,Accra
4,adenosina trifosfat,adénosin trifosfat
5,adenosin trifosfat,adénosin trifosfat
6,adik perempuan,dédé
7,aditif makanan,aditif kadaharan
8,adjektiva,adjéktif
9,Advanced Technology Attachment,Advanced Technology Attachment
10,advokat,advokat
11,aerogel,aérojél
12,Afganistan,Afganistan
13,Afghanistan,Apganistan
14,Afrika,Afrika
15,agama Buddha,agama Buddha
16,Agustus,august
17,aikido,aikido
18,air,cai
19,air terjun,curug
20,akar,akar
21,akselerasi,akselerasi
22,aku,kuring
23,Aku cinta kamu,Abdi bogoh ka anjeun
24,aku cinta kamu,Abdi bogoh ka anjeun
25,Aku cinta kepadamu,Abdi bogoh ka anjeun
26,aku cinta kepadamu,Abdi bogoh ka anjeun
27,Aku cinta padamu,Abdi bogoh ka anjeun
28,aku cinta padamu,Abdi bogoh ka anjeun
29,Aku sayang kamu,Abdi bogoh ka anjeun
30,aku sayang kamu,Abdi bogoh ka anjeun
31,Aku suka sama kamu,Abdi bogoh ka anjeun
32,aku suka sama kamu,Abdi bogoh ka anjeun
33,alam,alam
34,Alam semesta,Jagat
35,alam semesta,jagat
36,Albania,Albania
37,alfabet,alpabét
38,alir,kucur
39,aliterasi,purwakanti
40,Aljazair,Aljazair
41,Aljir,Aljir
42,alkana,alkana
43,Alkitab,Alkitab
44,alkuna,alkuna
45,Allah,Alloh
46,Al-Qur'an,Qur'an
47,aluminium,aluminium
48,alur,kucur
49,Alzheimer,panyakit Alzheimer
50,amin,amen
51,Amsterdam,Amsterdam
52,anai-anai,rinyuh
53,anak,budak
54,anak kunci,sosi
55,anak sungai,susukan
56,anda,maneh
57,Andorra,Andorra
58,anemia,anémia
59,angin,angin
60,angka kenyataan,data
61,angsa,soang
62,anjiN,anjiN
63,anjing,anjing
64,anjing jantan,asu
65,anjiŋ,anjing
66,Antigua dan Barbuda,Antigua at Barbuda
67,antioksidan,antioksidan
68,antonim,antonim
69,anus,bool
70,anZiN,anjiN
71,apa,naon
72,apabila,upami
73,aparatus Golgi,awak Golgi
74,apel,apel
75,api,seuneu
76,April,April
77,apung,ambang
78,Arab Saudi,Saudi Arabia
79,araneo,lancah
80,asam 2-hidroksipropanoat,asam laktat
81,asam aminat,asam aminat
82,asam amino,asam amino
83,asam asetat,asam asétat
84,asam cuka,asam asétat
85,asam deoksiribonukleat,asam déoksiribonukléat
86,asam dokosaheksaenoat,"asam (4Z,7Z,10Z,13Z,16Z,19Z)-dokosahéksaénoat"
87,asam etanoat,asam asétat
88,asam format,asam aminat
89,asam formiat,asam aminat
90,asam formilat,asam aminat
91,asam hidrogen karboksilat,asam aminat
92,asam laktat,asam laktat
93,asam metakarbonoat,asam aminat
94,asam metanakarboksilat,asam asétat
95,asam metanoat,asam aminat
96,asam oksokarbinat,asam aminat
97,asam semut,asam aminat
98,asam susu,asam laktat
99,asap,haseup
100,asetil hidroksida,asam asétat
101,Asia,Asia
102,Asia Selatan,Asia Kidul
103,Asia Tenggara,Asia Tenggara
104,asma,asma
105,astrologi,astrologi
106,astronomi,astronomi
107,atap,hateup
108,atom,atom
109,ATP,adénosin trifosfat
110,aur,awi
111,Australia,Australia
112,awan,awan
113,ayah,bapa
114,ayahanda,rama
115,ayatullah,Ayatollah
116,aŋin,angin
117,babi hutan,bagong
118,babi jantan,bagong
119,badak,badak
120,badan Golgi,awak Golgi
121,bagaimana,kumaha
122,bagus,alus
123,bahan bakar,suluh
124,bahan tambahan makanan,aditif kadaharan
125,baharu,weuteuh
126,bahasa,basa
127,bahasa akkadia,basa Inggris
128,bahasa asing,basa kosta
129,bahasa Cebuano,Cebuano
130,bahasa esti,basa Jepang
131,bahasa indonesia,basa Indonésia
132,Bahasa Inggris,basa Inggris
133,bahasa Inggris,basa Inggris
134,bahasa inggris,basa Inggris
135,bahasa italia,basa itali
136,bahasa jawa,basa Jawa
137,bahasa jepang,basa Jepang
138,bahasa Jerman,basa Jérman
139,bahasa korea,basa Koréa
140,bahasa latin,basa Latin
141,bahasa Melayu,Malayu
142,bahasa pemrograman,basa program
143,bahasa Sansekerta,basa Sangsakerta
144,bahasa Sanskerta,basa Sangsakerta
145,Bahasa Sunda,Basa Sunda
146,bahasa Sunda,basa Sunda
147,bahasa sunda,basa Sunda
148,bahasa swedia,basa Swédia
149,bahasa turki,basa Turki
150,bahu,taktak
151,baik,alus
152,baja,waja
153,bakar,duruk
154,Baku,Baku
155,balet,balet
156,Bali,Bali
157,balsem,duyungson
158,bambu,awi
159,bangkai,layon
160,bangsat,tumbila
161,banjir,caah
162,bank,bank
163,bantal,bantal
164,bantu,bantos
165,banyak,seueur
166,bapa,rama
167,bapak,rama
168,bara,ruhay
169,barat,kulon
170,baring,kedeng
171,baris,gurat
172,baru,anyar
173,basah,baseuh
174,basalt,basalt
175,batik,batik
176,batu,batu
177,batuan beku,batu igneus
178,batuan endapan,batu tamperan
179,batuan metamorf,batu metamorfosis
180,batuan sedimen,batu tamperan
181,batu ginjal,geureugeuseun
182,batu nisan,paésan
183,bawang merah,bawang beureum
184,bebal,béno
185,bebek,meri
186,beberapa,sababaraha
187,Beijing,Beijing
188,bekerja,digawe
189,beku,kimpel
190,belah,beulah
191,belah ketupat,beulahat kupat
192,belakaŋ,tonggong
193,belalang sentadu,congcorang
194,Belanda,Walanda
195,belatung,bilatung
196,belerang,walirang
197,Belgia,Bélgia
198,beliau,maneh-na
199,belok,méngkol
200,bélok,méngkol
201,belulaN,kulit
202,benar,bener
203,bengkak,bareuh
204,bengkok,bingkeng
205,berangkat,angkat
206,berat,beurat
207,berawan,reueuk
208,berbariN,NabohuN
209,berbaring,ngagoler
210,berbariŋ,ngagoler
211,berbicara,ngomong
212,berburu,moro
213,berdebu,belewuk
214,berdiri,adeg
215,berenaN,Nojay
216,berenang,ngojay
217,berenaŋ,ngojay
218,berfikir,mikir
219,beri,pasihan
220,berjalan,leumpang
221,berkata,carios
222,berlumpur,bolokot
223,bermain,ameng
224,bermimpi,ngimpi
225,bernafas,ambekan
226,bernapas,nyeunghap
227,bersembunyi,ñumput
228,bertiup,niup
229,Beruang,Biruang
230,beruang,biruang
231,beruang madu,ontohod
232,besar,badag
233,betina,awewe
234,betul,bener
235,bianglala,katumbiri
236,biawak,bayawak
237,bibi,ébé
238,bibit,siki
239,bicara,carios
240,biji,siki
241,bila,iraha
242,Bilangan bulat,Integer
243,binatang,sato
244,binatang melata,réptil
245,bintaN,bentaN
246,bintang,béntang
247,bintaŋ,bentang
248,biokimia,biokimia
249,biologi,biologi
250,bis,beus
251,bisu,belegug
252,biZi,siki
253,bleng,pijer
254,bodoh,béno
255,bom,bom
256,boraks,pijer
257,botak,butak
258,buah,bubuahan
259,buah-buahan,bubuahan
260,buah dada,susu
261,buah pelir,téstis
262,buaya,buhaya
263,bubur,bubur
264,bukan,henteu
265,bukit,pasir
266,buku,buku
267,Bulan,Bulan
268,bulan,bulan
269,bulat,buleud
270,bulu,bulu
271,buluh,awi
272,Bumi,Marcapada
273,bumi,lemah
274,bunda,biang
275,bundar,bunder
276,bunga,kembang
277,bunglon,londok
278,buntut,buntut
279,bunuh,maéhan
280,bupati,dalem
281,buru,bujeng
282,buruk,goréng
283,buruN,manuk
284,burung,manuk
285,buruŋ,manuk
286,bus,beus
287,busuk,buruk
288,buta warna,lolong warna
289,buŋa,kembang
290,cacing,cacing
291,caciŋ,caciŋ
292,cahaya,cahya
293,cakram Blu-ray,cakram Blu-ray
294,cangkul,pacul
295,capung,papatong
296,carboxylic,karboksilat
297,catur,catur
298,celeng,bagong
299,cengkerik,jangkrik
300,cerah,lénglang
301,Ceres,Ceres
302,cetitet,pijer
303,cinta,asih
304,cium,ngambeu
305,coret,ngoet
306,cuci,ngumbah
307,cucu,incu
308,dada,susu
309,Dagestan,Dagéstan
310,dagiN,dagiN
311,daging,daging
312,dagiŋ,daging
313,dagu,angkeut
314,dahan,dahan
315,daku,kuring
316,dalam,jero
317,dan,jeung
318,danau,situ
319,danta,huntu
320,darah,getih
321,darat,lemah
322,dasi,dasi
323,data,data
324,dataN,dataN
325,datang,datang
326,datang bulan,kareseban
327,dataŋ,datang
328,daun,daun
329,debu,kekebul
330,dedemitan,jurig
331,dekat,deukeut
332,delapan,dalapan
333,demokrasi,demokrasi
334,dengan,sareng
335,dengar,ngadéngé
336,dengkul,teku
337,Denmark,Dėnmark
338,derajat Celsius,darajat Celsius
339,Desember,Désémber
340,di,di
341,[d]ia,manehna
342,dia,maneh-na
343,diabetes,diabétes
344,dialek,dialék
345,[di] atas,diluhur
346,di atas,diluhur
347,di bawah,dihandap
348,[di] dalam,dijero
349,di dalam,lebet
350,didih,golak
351,dikarenakan,jalaran
352,di mana,timanten
353,dimana,dimana
354,dingin,tiis
355,diNin,tiris
356,diri,nangtung
357,di sana,ditu
358,di sini,dieu
359,diŋin,tiis
360,DNA,DNA
361,donlod,unjal
362,dorong,sorong
363,dua,dua
364,duan,daun
365,dua puluh,dua puluh
366,dubur,bool
367,duduk,diuk
368,duli,kekebul
369,dungu,belegug
370,duri,rucuk
371,durian,duren
372,ébé,ébé
373,ejaan,ortografi
374,eko-,éko-
375,ekologi,ékologi
376,ekor,buntut
377,ékor,buntot
378,elektrolisis,éléktrolisis
379,elektron,éléktron
380,empat,opat
381,enam,genep
382,engkau,anjeun
383,Epilepsi,Épilépsi
384,Eris,Eris
385,Eritrea,Eritrea
386,Eropa,Éropa
387,es,és
388,ester,éster
389,etika,étika
390,eukaryota,eukariot
391,evolusi,évolusi
392,eŋkau,maneh
393,fajar,solat subuh
394,falak,astronomi
395,falsafah,filsafat
396,Februari,Pébruari
397,februari,pébruari
398,fikir,ngamanah
399,Filipina,Pilipina
400,filologi,filologi
401,filsafat,filsafat
402,fisi nuklir,fisi nuklir
403,fotografi,fotografi
404,fotosintesis,fotosintésis
405,frekuensi,frékuénsi
406,fulerena,fullerin
407,fungsi,fungsi
408,fusi nuklir,fusi nuklir
409,gada,gegendir
410,gajah,gajah
411,galaksi,galaksi
412,gali,kali
413,garam,uyah
414,garuda,dadali
415,garuk,garo
416,gas,gas
417,gas buangan,kelun
418,geblek,belegug
419,gelas,kaca
420,gempa bumi,lini
421,gemuruh,guludug
422,genetika,genetika
423,geografi,géografi
424,geologi,géologi
425,gigi,huntu
426,gigit,gogot
427,gila,gélo
428,ginjal,ginjal
429,glukosa,glukosa
430,goblok,belegug
431,golongan darah,golongan getih
432,golongan tabel periodik,golongan tabél periodik
433,gorila,gorilla
434,gosok,kosok
435,gravitasi,gravitasi
436,Gua suka sama lu,Abdi bogoh ka anjeun
437,gugur,labuh
438,gula,gula
439,gumpalan,taiyeur
440,guntur,guludug
441,gunuN,gunuN
442,gunung,gunung
443,haid,kareseban
444,halaman utama,tepas
445,haNat,haneut
446,hangat,warm
447,hantu,jurig
448,hapus,nyapukeun
449,hari,dinten
450,harian,koran
451,hari Jumat,jumaah
452,hari Kamis,kemis
453,harimau,lodaya
454,hari Rabu,rebo
455,hari rabu,rebo
456,hari Sabtu,Saptu
457,hati,ati
458,Haumea,Haumea
459,haus,hanaang
460,helium,hélium
461,hemofilia,hémofilia
462,hepar,ati
463,hewan,sato
464,hidrogen,hidrogén
465,hidrokarbon,hidrokarbon
466,hidroksimetana,asam aminat
467,hidroksimetanon,asam hidrogén karboksilat
468,hidrologi,hidrologi
469,hiduN,iruN
470,hidung,irung
471,hidup,hirup
472,hiduŋ,irung
473,hijau,hejo
474,Hijrah,Hijrah
475,hisap,nyeuseup
476,hitam,hideung
477,hitung,étang
478,hiZau,hejo
479,Holland,Walanda
480,Hong Kong,Hong Kong
481,"Hong Kong S.A.R., Cina",Hong Kong
482,horison,sisi langit
483,hormon,hormon
484,hormon insulin,insulin
485,hujan,hujan
486,hulu,mastaka
487,humor,bodor
488,hutan,leuweung
489,huZan,hujan
490,ia,maneh-na
491,ibu,indung
492,ibukota,dayeuh
493,igloo,igloo
494,ikan,lauk
495,ikat,beungkeut
496,ikatan kovalen,beungkeut kovalén
497,ikut,datang
498,ilmu,élmu
499,ilmu bintang,astronomi
500,ilmu tumbuh-tumbuhan,élmu tutuwuhan
501,India,India
502,Indonesia,Indonésia
503,informasi,data
504,ini,ieu
505,%insan,jalma
506,insulin,insulin
507,interaksi,interaksi
508,internet,internét
509,inti atom,inti atom
510,inti sel,nukleus
511,isap,seuseup
512,isi perut,peujit
513,isotop,isotop
514,isteri,pamajikan
515,istri,pamajikan
516,itu,itu
517,jagad raya,jagat
518,jahat,jahat
519,jahit,ngaput
520,jajar genjang,pasagi doyong
521,jalan,jalan
522,jam,jam
523,jantung,jantung
524,Januari,Januari
525,januari,Januari
526,jarak,anggang
527,jari hantu,jajangkung
528,jari kelingking,cingir
529,jari malang,jajangkung
530,jari manis,jariji
531,jari mati,jajangkung
532,jari panjang,jajangkung
533,jari telunjuk,curuk
534,jari tengah,jajangkung
535,jarum,jɘrum
536,jatuh,labuh
537,jauh,jauh
538,Jawa,pulo Jawa
539,Jazirah Arab,Semenanjung Arab
540,jelek,goréng
541,jembatan,rawayan
542,jenazah,mayit
543,Jepang,Jepang
544,Jerman,Jėrman
545,jika,upami
546,jiwa,manah
547,Juli,Juli
548,juli,Juli
549,jumat,jumaah
550,Juni,Juni
551,juni,juni
552,kabut,halimun
553,kaca,kaca
554,kacoa,cucunguk
555,kafeina,kaféin
556,Kairo,Kairo
557,kakak perempuan,raka
558,kakek buyut,aki uyut
559,kaki,kaki
560,kaki langit,sisi langit
561,kaki seribu,titinggi
562,kalau,lamun
563,kalian,aranjeun
564,kalsium,kalsium
565,kalung,kangkalung
566,kamar kecil,jamban
567,kambing,êmbé
568,Kamboja,Kamboja
569,kami,urang
570,kamis,kemis
571,kampret,lalai
572,kamu,anjeun
573,kamus,kamus
574,KamusWiki,Wiktionary
575,kanak,murangkalih
576,kanan,katuhu
577,kancil,pecang
578,kanjut,kanjut
579,kanker,kangker
580,kantong empedu,hampru
581,kantung empedu,hampru
582,kapak,kampak
583,kapan,iraha
584,karbon,karbon
585,karbon dioksida,karbon dioksida
586,karbon monoksida,karbon monoksida
587,karena,kusabab
588,kasar,loma
589,kata,nyarita
590,katak,bangkong
591,kata keadaan,adjéktif
592,kata kerja,kecap pagawean
593,katalan,Katalanya
594,kata sifat,adjéktif
595,kayu,kai
596,kayu tusam,pines
597,kebakaran,kahuruan
598,keCil,leutik
599,kecil,leutik
600,kecoa,cucunguk
601,kecoak,cucunguk
602,kedelapan,kadalapan
603,kedokteran,tatamba
604,kehidupan,hirup
605,Kekristenan,Kristen
606,kelabang,babakaur
607,kelahi,tarung
608,kelapa,kalapa
609,kelawar,lalai
610,kelelawar,kalong
611,kelemumur,totombé
612,kelima,kalima
613,kelingking,cingir
614,kemalasan,hoream
615,ke mana,timanten
616,kembang,kembang
617,kenyang,wareg
618,kepadatan,kapadetan populasi
619,kepala,sirah
620,Kepangeranan Andorra,Kapangéranan Andorra
621,kepinding,tumbila
622,keping,duit logam
623,kepingan,duit logam
624,kepulan,peledug
625,Kepulauan Cook,Kapuloan Cook
626,kera,monyét
627,Kerajaan Bahrain,Karajaan Bahrain
628,Kerajaan Belgia,Karajaan Bélgia
629,Kerajaan Bersatu Britania Raya dan Irlandia Utara,Karajaan Ngahiji Britania Raya jeung Irlandia Kalér
630,Kerajaan Bhutan,Karajaan Butan
631,Kerajaan Hasyimiyah Yordania,Karajaan Hasyimiyah Yordania
632,kerbau,munding
633,keriN,%gariN
634,kering,garing
635,keriŋ,garing
636,kertas,kertas
637,keruh,lecek
638,kesehatan,kaséhatan
639,ketawa,seuri
640,ketiak,kelek
641,ketiga,katilu
642,ketimun,bonténg
643,ketombe,totombé
644,kilat,gelap
645,kilometer persegi,kilométer pasagi
646,kiri,kenca
647,kita,urang
648,kloaka,kloaka
649,kodok,bangkong
650,koin,duit logam
651,komedi,bodor
652,kompleks Golgi,awak Golgi
653,kompor,hawu
654,kondensator,kapasitor
655,kontol,kanjut
656,koran,koran
657,korek api gas,gérétan
658,koronavirus,koronavirus
659,korupsi,basilat
660,kota,kota
661,kotor,kotor
662,Krimea,Krimea
663,Kristen,Kristen
664,kromosom,kromosom
665,kubur,pakuburan
666,kucing,êméng
667,kuda,kuda
668,kuku,kuku
669,kulit,kulit
670,kumal,kucel
671,kuniN,koneN
672,kuning,koneng
673,kuniŋ,koneng
674,%kupiN,Ceuli
675,kuping,cepil
676,kupiŋ,ceuli
677,kupukupu,kukupu
678,kura,kawaya
679,kura-kura,kuya
680,kusta,lépra
681,kutu,otét
682,kutu busuk,tumbila
683,Kuwait,Kuwait
684,laba-laba,lancah
685,labu,waluh
686,lada,pedes
687,lagu,kawih
688,lain,lain
689,laki-laki,lalaki
690,laktosa,laktosa
691,lama,kolot
692,lambuŋ,peujit
693,landak,landak
694,landak kecil,landak
695,landak susu,landak
696,langit,langit
697,lantai atas,tonggoh
698,lantai bawah,landeh
699,lantanum,lanthanum
700,lantaran,jalaran
701,Laos,Laos
702,lapan,dalapan
703,laut,sagara
704,lautan,jaladri
705,Lautan Antartika,Samudra Kidul
706,Lautan Teduh,Samudra Pasifik
707,Laut Cina Selatan,Laut Cina Kidul
708,Laut Kutub Utara,Samudra Arktik
709,lawak,bodor
710,lawan kata,antonim
711,laŋit,langit
712,lebar,rubak
713,lébar,rubak
714,leher,beuheung
715,léhér,beuheung
716,lelaki,lalaki
717,lemak,gajih
718,lembek,biyé
719,lempar,alung
720,lengan,leungeun
721,lengan baju,leungeun baju
722,letkol,létnan kolonél
723,letnan kolonel,létnan Kolonél
724,leukemia,leukemia
725,licin,lemes
726,lidah,ilat
727,lift,lift
728,lihat,nempo
729,lima,lima
730,limpa,kawaya
731,linguistik,linguistik
732,lipan,babakaur
733,liter,léter
734,litium,litium
735,-logi,-logi
736,lonceng,jam
737,luas,rubak
738,lubang bokong,bool
739,lubang hitam,liang hideung
740,ludah,nyiduh
741,lumba-lumba,lumba-lumba
742,lurus,lempeng
743,lutut,teku
744,maaf,Punten
745,macan,lodaya
746,macan dahan,macan dahan
747,Macan Tutul,maung totol
748,macan tutul,maung totol
749,madu,madu
750,magma,magma
751,magnet,magnét
752,mahal,awis
753,mahkota,makuta
754,main,ameng
755,makam,pakuburan
756,makan,dahar
757,makasih,hatur nuhun
758,Makemake,Makemake
759,makromolekul,makromolekul
760,malam,peuting
761,malaria,malaria
762,Malaysia,Malaysia
763,malu,era
764,manggis,manggu
765,mangunyah,ngagayem
766,manik-manik,kangkalung
767,manusia,manusa
768,Maret,Maret
769,maret,maret
770,Mars,Mars
771,masa,waktu
772,masjid,masigit
773,massa,massa
774,masyur,katelah
775,mata,panon
776,Matahari,panonpoe
777,mata hari,panonpoe
778,matahari,panonpoé
779,matematika,matematika
780,mati,pupus
781,mayat,layon
782,medan magnet,médan magnétik
783,median,median
784,Mei,Méi
785,mei,Méi
786,meja,méja
787,Meksiko,Méksiko
788,melempar,maledogkeun
789,melémparkan,maledogkeun
790,melihat,nenjo
791,meludah,nyiduh
792,meludahi,nyiduh
793,memanjat,naek
794,memasak,masak
795,mematahkan,mites
796,membakar,meuleum
797,membelah,meulah
798,membeli,meuli
799,membengkak,bareuh
800,membeŋkak,bareuh
801,membuka,mukɘ
802,membunuh,telas
803,memegang,cepeng
804,memegaŋ,nyekel
805,memeras,meres
806,memikir,mikir
807,memilih,milih
808,memotong,motong
809,memotoŋ,motong
810,memukul,neunggeul
811,memuntahkan,utah
812,menanam,melak
813,menangis,nangis
814,menarik,bedol
815,menaŋis,nangis
816,mencium,ambung
817,mencuci,kumbah
818,mencuri,maok
819,mendaki,naek
820,mendataŋ,datang
821,mendataŋi,datang
822,mendekati,datang
823,mendeNar,NadeNe
824,mendengar,ngadenge
825,mendeŋar,ngadenge
826,menduduk,diuk
827,mendung,haleungheum
828,menembak,ngabedil
829,menémbak,ngabedil
830,menetak,motong
831,mengalir,ngalir
832,mengapung,ngambang
833,menggali,ngali
834,menggaruk,ngagaro
835,menghitung,étang
836,mengikat,nalian
837,mengisap,nyeuseup
838,mengkudu,cangkudu
839,menguap,ngebul
840,menikam,nubles
841,meninggal,pupus
842,meniup,niup
843,menjahit,ngaput
844,menjauhi,anggang
845,menopause,ménopause
846,menstruasi,kareseban
847,mentari,panonpoe
848,mentimun,bonténg
849,menumbuk,nutu
850,menusuk,nubles
851,merah,beureum
852,mérah,beureum
853,merah jambu,kayas
854,merah muda,kayas
855,mereka,maranehanana
856,meréka,maranehanana
857,meremas,meres
858,merica,pedes
859,merjan,kangkalung
860,Merkurius,Mérkurius
861,mesjid,masigit
862,metabolisme,métabolisme
863,metamorf,métamorfosis
864,meter,méter
865,meter persegi,méter pasagi
866,meŋalir,ngalir
867,meŋgarut,ngagaro
868,meŋgigit,ngegel
869,meŋguap,heuay
870,meŋhituŋ,ngitung
871,meŋikat,meungkeut
872,meŋisap,nyeuseup
873,meŋuñah,ngagayem
874,mikrobiologi,mikrobiologi
875,mikrofon,mikropon
876,mikroskop,mikroskop
877,mimpi,ngimpi
878,mineral,mineral
879,Minggu,Minggu
880,minggu,minggu
881,minta,suhun
882,minta maaf,Punten
883,minum,nginum
884,minyak,minyak
885,miring,sempong
886,mitokondria,mitokondria
887,molekul,molekul
888,Mongolia Dalam,Mongolia Jero
889,monosakarida,monosakarida
890,monyet,monyét
891,muatan listrik partikel,muatan listrik partikel
892,muda,anom
893,Muhammad,Muhammad
894,muharram,muharom
895,mukjizat,mukjizat
896,mulut,baham
897,muntah,utah
898,murung,angluh
899,musim,usum
900,Myanmar,Myanmar
901,Nabi Muhammad,Muhammad
902,nafas,ngarénghap
903,naik,naek
904,%nama,Naran
905,nama,ngaran
906,ñamuk,reungit
907,nanoteknologi,nanotéhnologi
908,Nasrani,Kristen
909,negara Jepang,Jepang
910,negeri Belgia,Bélgia
911,negeri Jerman,Jėrman
912,nen,uraN
913,nenek buyut,nini uyut
914,Nepal,Nepal
915,Neptunus,Néptunus
916,neraca,dacin
917,Netherlands,Walanda
918,neutrino,neutrino
919,neutron,neutron
920,ngaceng,nyogong
921,ngotot,keukeuh
922,nikotina,nikotin
923,nipis,limo
924,November,Nopémber
925,nukleus,inti atom
926,nusa,pulo
927,nyamuk,reungit
928,nyanyi,nembang
929,Octobre,Oktober
930,oksigen,oksigén
931,oksometanol,asam aminat
932,Oktober,Oktober
933,onta,onta
934,oraN,jalma
935,orang,manusa
936,orang-orangan,bebegig
937,oraŋ,jelema
938,organ,organ
939,Organisasi Kesehatan Sedunia,Organisasi Kaséhatan Dunya
940,otot,otot
941,ozon,ozon
942,pagar,pager
943,pakaian,baju
944,Pakistan,Pakistan
945,palu,palu
946,panas,panas
947,pandang,tingali
948,panjang,panjang
949,panjaŋ,panjang
950,pantai,basisir
951,panZaN,panjaN
952,Paris,Paris
953,pasir,keusik
954,Paskah,Paskah
955,patah,pites
956,%payudara,susu
957,payudara,pinarep
958,Pebruari,pébruari
959,pedut,pepedut
960,pegang,nahan
961,pekuburan,pakuburan
962,pelanduk,pecang
963,Pelangi,Katumbiri
964,pelangi,katumbiri
965,peler,kanjut
966,pemantik,gérétan
967,pembuahan,fértilisasi
968,penakut burung,bebegig
969,pendamping mempelai,pagarbagus
970,pendek,pondok
971,péndék,pendek
972,pendukung,bobotoh
973,pengacara,prokol
974,pengiring pengantin,pagarayu
975,pensil,patlot
976,penuh,pinuh
977,penyakit Hansen,kasakit Hansen
978,penyu,kuya
979,perak,pérak
980,Perang Dunia I,Perang Dunya I
981,perapian,anglo
982,peras,meureut
983,percaya,percanten
984,percepatan,akselerasi
985,perempuan,awewe
986,Perhimpunan Bangsa-Bangsa Asia Tenggara,Organisasi Nagara-Nagara di Asia Tenggara
987,permainan,ameng
988,persegi,pasagi bener
989,persegi panjang,pasagi burung
990,persegi tiga,juru tilu
991,perselingkuhan,jinah
992,Persemakmuran Bahama,Pasamakmuran Bahama
993,pertama,kahiji
994,pertanian,agrikultur
995,perut,patuangan
996,pestisida,péstisida
997,pH,pH
998,piano,piano
999,pijer,pijer
1000,pikir,ngamanah
1001,piknik,mayor
1002,pindah,alih
1003,pinggang,angkeng
1004,pinus,pines
1005,pisang,cau
1006,planet katai,planét katé
1007,planit,planét
1008,Pluto,Pluto
1009,pohon,tangkal
1010,polisi,pulisi
1011,politik,pulitik
1012,polong,jurig
1013,pompa,kompa
1014,potlot,patlot
1015,potong,teukteuk
1016,prajurit,pajurit
1017,pria,lalaki
1018,proton,proton
1019,psikologi,psikologi
1020,puki,liang heunceut
1021,pukul,tinggang
1022,pulau,pulo
1023,Pulau Irian,Irian
1024,pulau kecil,pulo
1025,pulau yang sangat kecil,pulo
1026,punggung,tonggong
1027,pupuk,manur
1028,pura,kota
1029,pusara,pakuburan
1030,puspa,kembang
1031,putih,bodas
1032,rabu,rebo
1033,raket,rékét
1034,rambut,rambut
1035,ranting,régang
1036,ratus,saratus
1037,rayap,rinyuh
1038,remas,rames
1039,renang,ngojai
1040,reptil,réptil
1041,Republik Afrika Tengah,Républik Afrika Tengah
1042,Republik Arab Suriah,Républik Arab Suriah
1043,Republik Argentina,Républik Argéntina
1044,Republik Armenia,Républik Arménia
1045,Republik Azerbaijan,Républik Azerbaijan
1046,Republik Benin,Républik Bénin
1047,Republik Botswana,Républik Botswana
1048,Republik Demokratik Federal Etiopia,Républik Démokratik Féderal Étiopia
1049,Republik Demokratik Rakyat Laos,Républik Démokratik Rahayat Leo
1050,Republik Demokratis Rakyat Aljazair,Républik Démokratik Rahayat Aljazair
1051,Republik Dominika,Républik Dominika
1052,Republik Federasi Brasil,Républik Féderasi Brasil
1053,Republik Guinea Khatulistiwa,Républik Guinéa Khatulistiwa
1054,Republik Islam mauritania,Républik Islam Mauritania
1055,Republik Kooperatif Guyana,Républik Kooperatif Guyana
1056,Republik Rakyat Bangladesh,Républik Rahayat Bangladés
1057,Republik Sosialis Uni Soviet,Rusia
1058,ribosom,ribosom
1059,ribu,sarebu
1060,rimba,leuweung
1061,robot,robot
1062,roh,jurig
1063,rumah,imah
1064,Rumania,Romania
1065,rumput,jukut
1066,runtuh,labuh
1067,Rusia,Rusia
1068,sabat,Saptu
1069,sabtu,Saptu
1070,sabun,sabun
1071,saga,saga
1072,Saint Vincent dan Grenadines,Saint Vincent jeung Grénadin
1073,sakar,gula
1074,sakit,gering
1075,saksi,tingali
1076,saksofon,saksofon
1077,salat,solat
1078,salat subuh,solat subuh
1079,salir,kucur
1080,salju,salju
1081,salur,kucur
1082,samudra,jaladri
1083,Samudra Arktik,Samudra Arktik
1084,Samudra Atlantik,Samudra Atlantik
1085,Samudra Hindia,Samudra Hindia
1086,Samudra India,Samudra Hindia
1087,Samudra Pasifik,Samudra Pasifik
1088,Samudra Selatan,Samudra Kidul
1089,sanggup,kersa
1090,sapu,sapu
1091,sari buah,sari bungbuahan
1092,satu,hiji
1093,Saturnus,Saturnus
1094,satwa,sato
1095,saudara,aa
1096,saudari,tétéh
1097,sawah,sawah
1098,sawah padi,sawah
1099,saya,kuring
1100,Saya cinta kamu,Abdi bogoh ka anjeun
1101,saya cinta kamu,Abdi bogoh ka anjeun
1102,sayap,jangjang
1103,sebelas,sabeulas
1104,sebiji buah,bubuahan
1105,sedikit,sakedik
1106,sedot,unjal
1107,segelintir,sakedik
1108,segi lima,juru lima
1109,segi tiga,juru tilu
1110,segitiga,juru tilu
1111,sejarah,sajarah
1112,selamat datang,wilujeng sumping
1113,selamat pagi,wilujeng sumping
1114,selamat siang,wilujeng sumping
1115,Selandia Baru,Selandia Baru
1116,selasa,salasa
1117,selatan,kidul
1118,sel darah putih,sél getih bodas
1119,sel telur,ovum
1120,selulosa,selulosa
1121,sembilan,salapan
1122,sembuñi,ñumput
1123,sempit,heurin
1124,semua,sadaya
1125,semut,sireum
1126,senapan,bedil
1127,Senegal,Senegal
1128,Senin,senén
1129,senin,senén
1130,sensor,sénsor
1131,sensus,sénsus
1132,senyawa organik,sanyawa organik
1133,sepeda,sapédah
1134,sepeda motor,motor
1135,September,Séptémber
1136,sepuluh,sapuluh
1137,serat optik,serat optik
1138,seratus,saratus
1139,serdadu,pajurit
1140,seribu,sarebu
1141,Seribu Satu Malam,Sarébu Hiji Peuting
1142,serta,datang
1143,setom,setum
1144,setrika,istrikaan
1145,Shanghai,Shanghai
1146,siamang,siamang
1147,siapa,saha
1148,Siberia,Sibéria
1149,Sierra Leone,Sierra Leone
1150,singa,singa
1151,Singapura,Singapura
1152,sini,dieu
1153,sintaksis,sintaksis
1154,situ,ditu
1155,Skotlandia,Skotlandia
1156,skrotum,kanjut
1157,sontoloyo,béno
1158,spermatozoid,spermatozoon
1159,spesies,spésiés
1160,Sri Lanka,Sri Langka
1161,Stockholm,Stockholm
1162,suami,salaki
1163,suka,asih
1164,sukrosa,sukrosa
1165,sulfur,walirang
1166,Sumatra,Sumatra
1167,sumsum,sungsum tulang
1168,Sum sum tulang,sungsum tulang
1169,sumsum tulang,sungsum tulang
1170,sungai,walungan
1171,surat kabar,koran
1172,surya,panonpoe
1173,susu,susu
1174,sutra,sutra
1175,Sweden,Swédia
1176,Swedia,Swédia
1177,tabel periodik,tabel periodik
1178,tabu,pamali
1179,tabung,silinder
1180,tahu,nyaho
1181,tahun,taun
1182,tahun/milik kamu,taun
1183,tajam,seukeut
1184,tak,sanés
1185,takut,sieun
1186,talenan,rampadan
1187,tali,tali
1188,tanah,taneuh
1189,tanah air,lemah cai
1190,taNan,leuNeun
1191,tanduk,tanduk
1192,tangan,leuŋeun
1193,tante,ébé
1194,Tanzania,Tanzania
1195,tarik,bedol
1196,taring,sihung
1197,tarjani,curuk
1198,tarung,tarung
1199,Tata Surya,Sistim tatasurya
1200,tawa,seuri
1201,taŋan,leuŋeun
1202,tebal,kandel
1203,tegak,ajeg
1204,teguh,keyeng
1205,teh,entéh
1206,telaga,situ
1207,telanjang,ulutud
1208,telapak kaki,suku
1209,teliNa,Ceuli
1210,telinga,ceuli
1211,teliŋa,ceuli
1212,telor,endog
1213,telunjuk,curuk
1214,telur,endog
1215,tembakau,bako
1216,tembang,kawih
1217,tentara,pajurit
1218,tepat,leres
1219,terbaN,hiber
1220,terbang,hiber
1221,terbaŋ,hiber
1222,terima kasih,hatur nuhun
1223,terimakasih,hatur nuhun
1224,terkenal,katelah
1225,tertawa,seuri
1226,testis,téstis
1227,Tetun,Tetum
1228,tiamina,tiamin
1229,tidak,henteu
1230,tidur,kulem
1231,tiga,tilu
1232,tikam,tewek
1233,tikus,beurit
1234,timbangan,dacin
1235,timur,wétan
1236,Timur Tengah,Wétan Tengah
1237,tinggi,tumbila
1238,tipis,ipis
1239,titik G,G-Spot
1240,titit,kanjut
1241,tiup,tiup
1242,Togo,Togo
1243,toilet,jamban
1244,tolol,béno
1245,tonton,tingali
1246,transistor,transistor
1247,tua,kolot
1248,tujuh,tujuh
1249,tulaN,tulaN
1250,tulang,tulang
1251,tulang punggung,vertebra
1252,tulaŋ,tulang
1253,tumbang,labuh
1254,tumbuh,tuwuh
1255,tumbuh-tumbuhan,pepelakan
1256,tumpul,mintul
1257,tungku,hawu
1258,tusam,pines
1259,tusuk,nojos
1260,uang logam,duit logam
1261,uap,setum
1262,uap air,saab
1263,ubah,robah
1264,Uganda,Uganda
1265,Ukraina,Ukraina
1266,ular,oray
1267,ulat sutra,hileud sutra
1268,umur,yuswa
1269,unduh,unjal
1270,Uni Emirat Arab,Uni Émirat Arab
1271,Uni Soviet,Rusia
1272,unta,onta
1273,Uranus,Uranus
1274,urat,akar
1275,uretra,urétra
1276,usia,yuswa
1277,usus,peujit
1278,usus besar,peujit
1279,usus kecil,peujit
1280,vagina,liang heunceut
1281,Vanuatu,Vanuatu
1282,vektor,véktor
1283,Venezuela,Vénézuéla
1284,Venus,Vénus
1285,Vietnam,Viétnam
1286,vodka,vodka
1287,waktu,waktu
1288,wanita,awewe
1289,WC,jamban
1290,wijen,wijen
1291,Wiktionary,Wiktionary
1292,yad,panangan
1293,yang,anu
1294,yen,yén
1295,Yerusalem,Yerusalem
1296,Yesus,Yesus
1297,yodium,iodin
1298,Yokohama,Yokohama
1299,yumat,jumaah
1300,Yupiter,Jupiter
1301,Zalan,leumpaN
1302,ZantuN,jantuN
1303,zat air,hidrogén
1304,zat arang,karbon
1305,zat asam,oksigén
1306,zat asam arang,karbon dioksida
1307,zat pembakar,oksigén
1308,Zimbabwe,Zimbabwé
1309,zon,aiN
1310,zoroastrianisme,zoroastrianisme
