,indonesian,english
0,abu,ash
1,abu,char
2,abu,cinder
3,abu,dust
4,adopsi,adoption
5,aduh,oh god
6,aduh,oh man
7,aduh,oh no
8,aduh,oof
9,aduh,ouch
10,aduh,ow
11,aktif,active
12,aktif,dynamic
13,aktif,lively
14,aku,i
15,aku,me
16,alam,essence
17,alam,nature
18,alasan,argument
19,alasan,cause
20,alasan,excuse
21,alasan,ground
22,alasan,motivation
23,alasan,motive
24,alasan,rationale
25,alasan,reason
26,alasan,reasoning
27,aman,peaceful
28,aman,safe
29,aman,secure
30,amat,disturbingly
31,amat,enormous
32,amat,exceedingly
33,amat,extremely
34,amat,greatly
35,amat,incredibly
36,amat,most
37,amat,really
38,amat,so
39,amat,super
40,amat,terribly
41,amat,tremendous
42,amat,vastly
43,amat,very
44,amat,well
45,amat,wonderfully
46,ambil,get
47,ambil,grab
48,ambil,pick up
49,ambil,take
50,ancam,intimidate
51,ancam,scare off
52,ancam,snarl
53,ancam,threaten
54,ancaman,danger
55,ancaman,intimidation
56,ancaman,menace
57,ancaman,scare tactics
58,ancaman,threat
59,aneh,abnormal
60,aneh,bizarre
61,aneh,curious
62,aneh,eccentric
63,aneh,funny
64,aneh,odd
65,aneh,peculiar
66,aneh,quaint
67,aneh,strange
68,aneh,uncanny
69,aneh,unusual
70,aneh,weird
71,anehnya,abnormally
72,anehnya,bizarrely
73,anehnya,eccentricly
74,anehnya,oddly
75,anehnya,peculiarly
76,anehnya,strangely
77,anehnya,unusually
78,anehnya,weirdly
79,anggun,elegant
80,anggun,graceful
81,anggun,prim
82,anggun,proper
83,anti,anti
84,anti,anti-
85,anti,contra-
86,antisipasi,anticipation
87,api,blaze
88,api,fire
89,api,flame
90,api,light
91,apresiasi,appreciation
92,asing,alien
93,asing,different
94,asing,exotic
95,asing,foreign
96,asing,non-native
97,asing,strange
98,asyik,fun
99,asyik,hooray
100,asyik,yay
101,badass,alpha
102,badass,awesome
103,badass,badass
104,badass,chad
105,bagi,divide
106,bagi,for
107,bagi,give away
108,bagi,share
109,bagi,to
110,bagus,amazing
111,bagus,awesome
112,bagus,beautiful
113,bagus,excellent
114,bagus,fine
115,bagus,good
116,bagus,great
117,bagus,nice
118,bagus,wonderful
119,bahagia,cheerful
120,bahagia,content
121,bahagia,happy
122,bahaya,challenge
123,bahaya,danger
124,bahaya,harm
125,bahaya,hazard
126,bahaya,risk
127,baik,decent
128,baik,good
129,baik,kind
130,baik,nice
131,baik,okay
132,baik,well
133,ban,belt
134,ban,tire
135,bangga,proud
136,bantu,assist
137,bantu,give a hand
138,bantu,help
139,bantu,lend a hand
140,batal,abandon
141,batal,call off
142,batal,cancel
143,batal,cancell
144,batal,invalid
145,batal,not happening
146,batas,border
147,batas,boundary
148,batas,bounds
149,batas,limit
150,batas,line
151,bebas,candid
152,bebas,free
153,bebas,independent
154,bebas,open
155,beberapa,a bunch of
156,beberapa,a number of
157,beberapa,certain
158,beberapa,couple
159,beberapa,few
160,beberapa,many
161,beberapa,several
162,beberapa,some
163,bela,care
164,bela,defend
165,bela,protect
166,belakang,back
167,belakang,behind
168,belakang,hind
169,belakang,rear
170,benar,accurate
171,benar,correct
172,benar,right
173,benar,true
174,benar,valid
175,bencana,catastrophe
176,bencana,disaster
177,bencana,tragedy
178,benci,abhor
179,benci,can't stand
180,benci,despise
181,benci,detest
182,benci,dislike
183,benci,hate
184,benci,loathe
185,benci,resent
186,berani,bold
187,berani,brave
188,berani,courageous
189,berani,daring
190,berani,gallant
191,berani,gutsy
192,berani,manly
193,berani,spunky
194,berani,tough
195,berani,valiant
196,berarti,counts
197,berarti,matters
198,berarti,meaningful
199,berarti,significant
200,berarti,useful
201,berarti,valuable
202,berat,complicated
203,berat,difficult
204,berat,heavy
205,berat,heft
206,berat,serious
207,berat,severe
208,berat,tough
209,berat,weight
210,berat,weighty
211,berbahaya,bad news
212,berbahaya,challenging
213,berbahaya,dangerous
214,berbahaya,deadly
215,berbahaya,fatal
216,berbahaya,harmful
217,berbahaya,hazardous
218,berbahaya,risky
219,berbahaya,threatening
220,berbahaya,unsafe
221,berdarah,bleed
222,berdarah,bloody
223,berdarah,gory
224,berdoa,hope
225,berdoa,pray
226,berdoa,worship
227,berduka,mourn
228,berduka,sorrow
229,berguna,beneficial
230,berguna,handy
231,berguna,helpful
232,berguna,of use
233,berguna,useful
234,berhak,entitled
235,berhak,have the right to
236,berhak,reserve the right to
237,berhak,rightful
238,berharap,cross fingers
239,berharap,expect
240,berharap,hope
241,beri,berry
242,beri,give
243,berkomitmen,commited
244,berkomitmen,committed
245,berlebihan,excessive
246,berlebihan,obsessive
247,berlebihan,overkill
248,berlebihan,too much
249,bermanfaat,advantageous
250,bermanfaat,benefecial
251,bermanfaat,beneficial
252,bermanfaat,fruitful
253,bermanfaat,helpful
254,bermanfaat,of use
255,bermanfaat,productive
256,bermanfaat,useful
257,bermanfaat,worthwhile
258,bersaing,compete
259,bersaing,competitive
260,bersaing,contend
261,bersaing,face off
262,bersama,in collaboration with
263,bersama,in conjunction with
264,bersama,together
265,bersama,together with
266,bersama,with
267,bersedih,grieve
268,bersedih,heartbroken
269,bersedih,mourn
270,bersedih,sad
271,bersembunyi,hide
272,bersembunyi,hiding
273,bersembunyi,lurking
274,bersembunyi,lying low
275,bersembunyi,sheltering
276,bersorak,cheer
277,bersorak,cheering
278,bersorak,screaming
279,bersorak,shout
280,bersorak,shouting
281,bersorak,squealing
282,bersorak,yelling
283,besar,big
284,besar,bug
285,besar,bulky
286,besar,enormous
287,besar,grand
288,besar,great
289,besar,huge
290,besar,humongous
291,besar,large
292,besar,major
293,besar,significant
294,besar,substantial
295,biadab,animalistic
296,biadab,barbaric
297,biadab,inhuman
298,biadab,savage
299,biadab,uncivilized
300,biadab,uneducated
301,biadab,wild
302,biaya,charge
303,biaya,cost
304,biaya,expense
305,biaya,fee
306,biaya,money
307,biaya,price
308,bingung,baffled
309,bingung,confuse
310,bingung,confused
311,bingung,perplexed
312,bingung,puzzled
313,bodoh,braindead
314,bodoh,brainless
315,bodoh,dense
316,bodoh,dumb
317,bodoh,fool
318,bodoh,foolish
319,bodoh,idiot
320,bodoh,ignorant
321,bodoh,silly
322,bodoh,stupid
323,bohong,deceive
324,bohong,fabricate
325,bohong,lie
326,bom,bomb
327,bom,explosive
328,buka,open
329,bunga,flora
330,bunga,flower
331,bunga,interest
332,bungkam,quiet
333,bungkam,silence
334,bungkam,silent
335,bunuh,assassinate
336,bunuh,cut
337,bunuh,kill
338,bunuh,murder
339,bunuh,off
340,bunuh,slay
341,bunuh,snuff
342,bunuh diri,kill oneself
343,bunuh diri,suicide
344,buruk,awful
345,buruk,bad
346,buruk,bad 
347,buruk,foul
348,buruk,horrible
349,buruk,ill
350,buruk,nasty
351,buruk,poor
352,buruk,rotten
353,buruk,terrible
354,buruk,ugly
355,buta,blind
356,buta,eyeless
357,buta,sightless
358,cantik,attractive
359,cantik,beautiful
360,cantik,fair
361,cantik,lovely
362,cantik,pretty
363,capai,achieve
364,capai,achieved
365,capai,reach
366,capai,tired
367,capai,weary
368,cari,explore
369,cari,look for
370,cari,search
371,cari,seek
372,cedera,injured
373,cedera,injury
374,cegah,prevent
375,cegah,stop
376,cemas,anxious
377,cemas,concerned
378,cemas,on edge
379,cemas,worried
380,cepat,fast
381,cepat,hurry
382,cepat,nimble
383,cepat,prompt
384,cepat,quick
385,cepat,rapid
386,cepat,snappy
387,cepat,speedy
388,cepat,swift
389,cerdas,astute
390,cerdas,big-brained
391,cerdas,brainy
392,cerdas,bright
393,cerdas,brilliant
394,cerdas,clever
395,cerdas,intelligent
396,cerdas,sharp
397,cerdas,sharp-witted
398,cerdas,shrewd
399,cerdas,smart
400,cinta,love
401,cium,kiss
402,cium,smell
403,cium,smooch
404,cium,sniff
405,cocok,appropriate
406,cocok,compatible
407,cocok,correct
408,cocok,fit
409,cocok,match
410,cocok,right
411,cocok,suitable
412,copet,pickpocket
413,copet,purse snatcher
414,copet,thief
415,damai,peace
416,damai,peaceful
417,dapat,able
418,dapat,acquire
419,dapat,can
420,dapat,get
421,dapat,have
422,dapat,obtain
423,dapat,receive
424,daya,energy
425,daya,power
426,daya,strength
427,diabaikan,abandoned
428,diabaikan,disregarded
429,diabaikan,ignored
430,diabaikan,left
431,diam,idle
432,diam,quiet
433,diam,silent
434,diancam,intimidated
435,diancam,threatened
436,dibersihkan,cleaned
437,dibersihkan,taken care of
438,dibersihkan,tidied
439,dicuri,snatched
440,dicuri,stolen
441,dihukum,punished
442,dikalahkan,beaten
443,dikalahkan,defeated
444,dikalahkan,outmatched
445,dikalahkan,outplayed
446,dipercaya,trusted
447,dipermalukan,humiliated
448,dipertanyakan,put into question
449,dipertanyakan,questionable
450,dipertanyakan,questioned
451,diprovokasi,aggravated
452,diprovokasi,agitated
453,diprovokasi,provocated
454,diprovokasi,provoked
455,diprovokasi,riled up
456,disebut-sebut,mentioned
457,disebut-sebut,rumored
458,disebut-sebut,said
459,ditakuti,feared
460,ditakuti,infamous
461,ditakuti,scared
462,ditangkap,apprehended
463,ditangkap,arrested
464,ditangkap,captured
465,ditangkap,detained
466,ditangkap,imprisoned
467,ditangkap,incarcerated
468,ditangkap,jailed
469,ditangkap,restrained
470,ditangkap,secured
471,ditangkap,seized
472,diteror,intimidated
473,diteror,terrorized
474,ditinggalkan,abandoned
475,ditinggalkan,discarded
476,ditinggalkan,dropped
477,ditinggalkan,left
478,ditinggalkan,left behind
479,ditinggalkan,neglected
480,ditingkatkan,enhanced
481,ditingkatkan,improved
482,ditingkatkan,increased
483,ditingkatkan,upgraded
484,dituduh,accused
485,dituduh,charged
486,ditunda,adjourned
487,ditunda,delayed
488,ditunda,postponed
489,doa,prayer
490,doktrin,axiom
491,doktrin,belief
492,doktrin,doctrine
493,doktrin,teachings
494,duka,grief
495,duka,mourning
496,duka,sorrow
497,duka,woe
498,dukung,approve
499,dukung,endorse
500,dukung,support
501,dukungan,encouragement
502,dukungan,endorsement
503,dukungan,endrorsement
504,dukungan,support
505,efektif,effective
506,eksklusif,certain
507,eksklusif,exclusive
508,eksklusif,particular
509,eksklusif,special
510,eksklusif,specific
511,empati,compassion
512,empati,empathy
513,empati,feelings
514,empati,sympathy
515,empati,understanding
516,fitnah,defamation
517,fitnah,denigration
518,fitnah,libel
519,fitnah,lie
520,fitnah,slander
521,fitnah,smear
522,fitnah,vilification
523,fokus,concentrate
524,fokus,focus
525,fokus,point
526,fokus,purpose
527,gagah,bold
528,gagah,brave
529,gagah,brawny
530,gagah,dashing
531,gagah,gallant
532,gagah,heroic
533,gagah,lion-hearted
534,gagah,manly
535,gagah,muscular
536,gagah,strong
537,gagah,valiant
538,gagal,bomb
539,gagal,collapse
540,gagal,fail
541,gagal,failed
542,gagal,flop
543,gagal,flunk
544,gagal,unsuccesful
545,gampang,convenient
546,gampang,easy
547,gampang,ez
548,gampang,piece of cake
549,gampang,simple
550,gampang,straightforward
551,ganggu,annoy
552,ganggu,bother
553,ganggu,disturb
554,ganggu,mess with
555,gaya,fashion
556,gaya,manner
557,gaya,style
558,gaya,trend
559,gaya,way
560,gelap,dark
561,gelap,illegal
562,gelap,illicit
563,gelap,murky
564,gelap,shadowy
565,gelap,shady
566,gelap,tan
567,gentar,afraid
568,gentar,fear
569,gentar,intimidated
570,gentar,quiver
571,gentar,scared
572,gentar,tremble
573,gertak,bluff
574,gertak,bully
575,gertak,intimidate
576,gertak,scare off
577,gertak,snarl
578,gertak,threaten
579,gila,bonkers
580,gila,crazy
581,gila,insane
582,gila,lunatic
583,gila,mad
584,gila,maniac
585,gila,nuts
586,gila,off the rocker
587,gila,out of mind
588,gila,rabid
589,guncang,jolt
590,guncang,rattle
591,guncang,shake
592,guncang,shudder
593,guncangan,quake
594,guncangan,shock
595,ha,ha
596,ha,ha!
597,ha,huh
598,ha,lol
599,ha,wdym
600,ha,what
601,habis,all out
602,habis,done
603,habis,finish
604,habis,finished
605,habis,over
606,habis,run out
607,hal,case
608,hal,matter
609,hal,regard
610,hal,stuff
611,hal,subject
612,hal,thing
613,hancur,broken
614,hancur,busted up
615,hancur,destroyed
616,hancur,smashed
617,hancur,wrecked
618,hantu,apparition
619,hantu,devil
620,hantu,ghost
621,hantu,monster
622,hantu,shadow
623,hantu,spectre
624,hantu,spirit
625,hantu,spook
626,harapan,expectation
627,harapan,hope
628,harapan,prospect
629,harga,cost
630,harga,price
631,harga,rate
632,harga,value
633,harga,worth
634,harta,property
635,harta,riches
636,harta,treasure
637,harta,wealth
638,hasil,fruit
639,hasil,outcome
640,hasil,output
641,hasil,payoff
642,hasil,product
643,hasil,result
644,hati,feeling
645,hati,heart
646,hati,liver
647,hati,soul
648,hati-hati,beware
649,hati-hati,careful
650,hati-hati,cautious
651,hati-hati,conscious
652,hati-hati,mindful
653,hati-hati,safely
654,hati-hati,wary
655,hebat,amazing
656,hebat,awesome
657,hebat,excellent
658,hebat,extraordinary
659,hebat,fabulous
660,hebat,great
661,hebat,impressive
662,hebat,remarkable
663,hebat,spectacular
664,hebat,splendid
665,hebat,superb
666,hebat,terrific
667,hebat,wonderful
668,heboh,excited
669,heboh,exciting
670,heboh,lively
671,heboh,noisy
672,heboh,up in arms
673,heroik,heroic
674,hidup,exist
675,hidup,existence
676,hidup,life
677,hidup,live
678,hilang,disappear
679,hilang,go away
680,hilang,gone
681,hilang,lost
682,hilang,missing
683,hilang,vanish
684,hukum,law
685,ikut,engage
686,ikut,follow
687,ikut,go along
688,ikut,go in
689,ikut,join
690,ikut,partake
691,ikut,participate
692,ikut,string along
693,ikut,take after
694,ikut,take part
695,ilham,epiphany
696,ilham,insight
697,ilham,inspiration
698,ilham,revelation
699,iman,belief
700,iman,believe
701,iman,creed
702,iman,faith
703,indah,attractive
704,indah,beautiful
705,indah,breathtaking
706,indah,lovely
707,indah,magnificent
708,indah,picturesque
709,indah,sightly
710,ingat,have in mind
711,ingat,remember
712,ingin,aspire
713,ingin,desire
714,ingin,wanna
715,ingin,want
716,ingin,wish
717,ingin,would like
718,interogasi,interrogation
719,interogasi,questioning
720,isi,body
721,isi,content
722,isi,filling
723,isi,inside
724,isi,stuffing
725,istimewa,different
726,istimewa,distinctive
727,istimewa,excellent
728,istimewa,exceptional
729,istimewa,exclusive
730,istimewa,extraordinary
731,istimewa,particular
732,istimewa,preferential
733,istimewa,priviledged
734,istimewa,remarkable
735,istimewa,special
736,jahat,bad
737,jahat,corrupt
738,jahat,devilish
739,jahat,diabolical
740,jahat,evil
741,jahat,malicious
742,jahat,mean
743,jahat,scummy
744,jahat,sinister
745,jahat,villanous
746,jahat,wicked
747,jamin,assure
748,jamin,guarantee
749,jatuh,collapse
750,jatuh,crash
751,jatuh,drop
752,jatuh,fall
753,jatuh,fall down
754,jatuh,fall off
755,jatuh,fall over
756,jatuh,slip up
757,jatuh,trip
758,jatuh,tumble
759,jawab,answer
760,jawab,reply
761,jawab,respond
762,jaya,glorious
763,jaya,prosperous
764,jaya,successful
765,jaya,triumphant
766,jaya,victorious
767,jaya,victorius
768,jelas,certain
769,jelas,clear
770,jelas,definite
771,jelas,evident
772,jelas,explicit
773,jelas,obvious
774,jelas,plain
775,jelas,sure
776,jelas,transparent
777,jelas,vivid
778,jelek,apalling
779,jelek,awful
780,jelek,bad
781,jelek,crummy
782,jelek,disreputable
783,jelek,horrible
784,jelek,lousy
785,jelek,nasty
786,jelek,poor
787,jelek,shitty
788,jelek,shoddy
789,jelek,terrible
790,jelek,ugly
791,jenis,kind
792,jenis,type
793,jenis,variety
794,jual,offer
795,jual,sell
796,kalah,beaten
797,kalah,defeated
798,kalah,fail
799,kalah,lose
800,kalah,lost
801,kalah,owned
802,kalimat,clause
803,kalimat,sentence
804,kapal,ark
805,kapal,boat
806,kapal,canoe
807,kapal,craft
808,kapal,ship
809,kapal,vessel
810,karya,creation
811,karya,opus
812,karya,product
813,karya,work
814,kasihan,feel sorry
815,kasihan,pity
816,kaya,prosperous
817,kaya,rich
818,kaya,stacked
819,kaya,wealthy
820,kaya,well-off
821,kaya,well-to-do
822,keadilan,equity
823,keadilan,fairness
824,keadilan,justice
825,keamanan,peace
826,keamanan,safety
827,keamanan,security
828,kebaikan,amicability
829,kebaikan,charity
830,kebaikan,cordiality
831,kebaikan,generosity
832,kebaikan,good
833,kebaikan,good deed
834,kebaikan,goodness
835,kebaikan,kind
836,kebaikan,kindness
837,kebaikan,virtue
838,kebencian,aversion
839,kebencian,disgust
840,kebencian,distaste
841,kebencian,enmity
842,kebencian,hate
843,kebencian,hatred
844,kebencian,hostility
845,kebencian,loathing
846,kebencian,malice
847,kebencian,resentment
848,keberanian,audacity
849,keberanian,balls
850,keberanian,boldness
851,keberanian,bravery
852,keberanian,courage
853,keberanian,fearlessness
854,keberanian,guts
855,keberanian,nerve
856,keberanian,spunk
857,keberanian,valor
858,kebetulan,accident
859,kebetulan,by chance
860,kebetulan,chance
861,kebetulan,coincidence
862,kebetulan,fluke
863,kebetulan,luck
864,kecewa,disappoint
865,kecewa,disappointed
866,kecewa,frustated
867,kecewa,let down
868,kehancuran,destruction
869,kehancuran,downfall
870,kehancuran,ruination
871,kehancuran,undoing
872,kehilangan,loss
873,kehilangan,lost
874,kehilangan,miss
875,kehilangan,missing
876,kejahatan,atrocity
877,kejahatan,crime
878,kejahatan,evil
879,kejahatan,harm
880,kejahatan,misdeed
881,kejahatan,offence
882,kejahatan,villainy
883,kejahatan,wickedness
884,kejam,abusive
885,kejam,barbaric
886,kejam,brutal
887,kejam,cruel
888,kejam,cutthroat
889,kejam,diabolical
890,kejam,harsh
891,kejam,heartless
892,kejam,heinous
893,kejam,ruthless
894,kejam,savage
895,kejam,vicious
896,keji,brutal
897,keji,despicable
898,keji,foul
899,keji,mean
900,keji,nasty
901,keji,vicious
902,keji,vile
903,keji,villainous
904,keji,wicked
905,kekayaan,earnings
906,kekayaan,fortune
907,kekayaan,money
908,kekayaan,riches
909,kekayaan,richess
910,kekayaan,wealth
911,kekayaan,wealthy
912,kekerasan,hardness
913,kekerasan,harshness
914,kekerasan,violence
915,kekuatan,capacity
916,kekuatan,energy
917,kekuatan,force
918,kekuatan,fortitude
919,kekuatan,might
920,kekuatan,power
921,kekuatan,strength
922,kelaparan,famine
923,kelaparan,hunger
924,kelaparan,starvation
925,kelaparan,starving
926,keluar,book it out
927,keluar,come out
928,keluar,escape
929,keluar,exit
930,keluar,get out
931,keluar,go out
932,keluar,out
933,keluar,run
934,keluar,step outside
935,kematian,death
936,kematian,demise
937,kematian,fatality
938,kematian,mortality
939,kembali,back
940,kembali,change
941,kembali,come back
942,kembali,comeback
943,kembali,go back
944,kembali,return
945,kembali,revert
946,kembali,turn back
947,kena,affected
948,kena,catch
949,kena,get
950,kena,get hit
951,kena,infected with
952,kenal,acquainted with
953,kenal,familiar with
954,kenal,know
955,kenyamanan,amenity
956,kenyamanan,comfort
957,kenyamanan,convenience
958,kenyamanan,cosiness
959,kenyamanan,ease
960,kepentingan,behalf
961,kepentingan,benefit
962,kepentingan,concerns
963,kepentingan,importance
964,kepentingan,interest
965,kepentingan,prominence
966,kepentingan,significance
967,keras,hard
968,keras,harsh
969,keras,loud
970,keras,rigid
971,keras,rigorous
972,keras,solid
973,keras,stern
974,keras,stiff
975,keras,strict
976,keras,strong
977,keras,tough
978,keren,amazing
979,keren,awesome
980,keren,badass
981,keren,cool
982,keren,dashing
983,keren,fashionable
984,keren,gnarly
985,keren,impressive
986,keren,rad
987,keren,sharp
988,keren,stylish
989,kerugian,deprivation
990,kerugian,detriment
991,kerugian,disadvantage
992,kerugian,loss
993,kerugian,shortcoming
994,kerusakan,damage
995,kerusakan,decay
996,kerusakan,harm
997,kesalahan,error
998,kesalahan,failure
999,kesalahan,fault
1000,kesalahan,guilt
1001,kesalahan,mistake
1002,kesalahan,wrongdoing
1003,kesan,image
1004,kesan,impression
1005,kesempatan,avenue
1006,kesempatan,chance
1007,kesempatan,occasion
1008,kesempatan,opportunity
1009,kesepian,forlorn
1010,kesepian,loneliness
1011,kesepian,lonely
1012,kesepian,lonesome
1013,kesepian,solitude
1014,kesulitan,adversity
1015,kesulitan,challenge
1016,kesulitan,complication
1017,kesulitan,difficulty
1018,kesulitan,distress
1019,kesulitan,hardship
1020,kesulitan,impediment
1021,kesulitan,issue
1022,kesulitan,problem
1023,kesulitan,trouble
1024,ketakutan,dread
1025,ketakutan,fear
1026,ketakutan,fright
1027,ketakutan,horror
1028,ketakutan,scare
1029,ketat,close-fitting
1030,ketat,form-fitting
1031,ketat,skin-tight
1032,ketat,strict
1033,ketat,tight
1034,ketegangan,strain
1035,ketegangan,stress
1036,ketegangan,suspense
1037,ketegangan,tense
1038,ketegangan,tension
1039,ketegangan,tensity
1040,kompak,cohesive
1041,kompak,compact
1042,kompak,solid
1043,kompak,unified
1044,konflik,argument
1045,konflik,clash
1046,konflik,conflict
1047,konflik,controversy
1048,konflik,discord
1049,konflik,dispute
1050,konflik,friction
1051,konflik,quarrel
1052,konflik,squabbling
1053,konflik,strife
1054,konspirasi,collusion
1055,konspirasi,conspiracy
1056,konspirasi,conspiration
1057,konspirasi,intrigue
1058,konspirasi,machinations
1059,korban,sacrifice
1060,korban,scapegoat
1061,korban,victim
1062,korban jiwa,fatalities
1063,korban jiwa,victim
1064,kosong,blank
1065,kosong,empty
1066,kosong,hollow
1067,kosong,unoccupied
1068,kosong,vacant
1069,kosong,vacuous
1070,kosong,zero
1071,kotor,dirty
1072,kotor,filthy
1073,kotor,foul
1074,kotor,grimy
1075,kotor,gross
1076,kotor,grubby
1077,kotor,messy
1078,kotor,nasty
1079,kotor,smudgy
1080,kotor,unclean
1081,kuat,durable
1082,kuat,firm
1083,kuat,intense
1084,kuat,powerful
1085,kuat,robust
1086,kuat,solid
1087,kuat,steady
1088,kuat,strong
1089,kuat,sturdy
1090,kuat,tough
1091,kurang,deficient
1092,kurang,lacking
1093,kurang,less
1094,kurang,minus
1095,kurang,not enough
1096,kutuk,condemn
1097,kutuk,curse
1098,kutuk,damn
1099,kutukan,condemnation
1100,kutukan,curse
1101,kutukan,damning
1102,langgar,break
1103,langgar,defy
1104,langgar,infringe
1105,langgar,violate
1106,larang,ban
1107,larang,disallow
1108,larang,forbid
1109,larang,prohibit
1110,larangan,ban
1111,larangan,prohibition
1112,lawan,against
1113,lawan,competitor
1114,lawan,contender
1115,lawan,contestant
1116,lawan,contra
1117,lawan,contradictor
1118,lawan,foe
1119,lawan,go against
1120,lawan,opponoent
1121,lawan,opposite
1122,lawan,rival
1123,lawan,take on
1124,lawan,versus
1125,layak,appropriate
1126,layak,decent
1127,layak,feasible
1128,layak,proper
1129,layak,qualified
1130,layak,reasonable
1131,layak,sensible
1132,layak,suitable
1133,layak,worthy
1134,lebih,more
1135,lebih,over
1136,lebih baik,better
1137,lebih baik,preferable
1138,lembut,creamy
1139,lembut,delicate
1140,lembut,fluffy
1141,lembut,gentle
1142,lembut,soft
1143,lembut,tender
1144,lengkap,complete
1145,lengkap,comprehensive
1146,lengkap,exhaustive
1147,lengkap,full
1148,lengkap,intact
1149,lengkap,perfect
1150,lengkap,thorough
1151,lengkap,unabridged
1152,lenyap,disappear
1153,lenyap,evaporate
1154,lenyap,extinct
1155,lenyap,gone
1156,lenyap,vanish
1157,lewat,come by
1158,lewat,come through
1159,lewat,go by
1160,lewat,go past
1161,lewat,late
1162,lewat,miss
1163,lewat,pass
1164,lewat,pass through
1165,lewat,passing
1166,lewat,slip by
1167,lewat,through
1168,lihat,look
1169,lihat,observe
1170,lihat,see
1171,lihat,view
1172,lihat,watch
1173,lihat,witness
1174,lmao,lmao
1175,lmao,lol
1176,luar biasa,cut above
1177,luar biasa,exceptional
1178,luar biasa,extraordinary
1179,luar biasa,fantastic
1180,luar biasa,incredible
1181,luar biasa,phenomenal
1182,luar biasa,remarkable
1183,luar biasa,remarkably
1184,luar biasa,super
1185,luar biasa,terrific
1186,luar biasa,unbelievable
1187,lucu,amusing
1188,lucu,comical
1189,lucu,cute
1190,lucu,funny
1191,lucu,gaga
1192,lucu,hilarious
1193,lucu,humorous
1194,lucu,silly
1195,luka,cut
1196,luka,injury
1197,luka,scar
1198,luka,wound
1199,luka,wounded
1200,lupa,forget
1201,maaf,excuse
1202,maaf,forgive
1203,maaf,pardon
1204,maaf,sorry
1205,mahal,costly
1206,mahal,expensive
1207,mahal,extravagant
1208,mahal,high
1209,mahal,lavish
1210,mahal,pricey
1211,mahal,upscale
1212,mampu,able
1213,mampu,adequate
1214,mampu,afford
1215,mampu,capable
1216,mampu,competent
1217,mampu,well-off
1218,marah,angry
1219,marah,enraged
1220,marah,exasperated
1221,marah,furious
1222,marah,irate
1223,marah,mad
1224,marah,outraged
1225,marah,resentful
1226,marah,seethe
1227,marah,upset
1228,masalah,issue
1229,masalah,matter
1230,masalah,problem
1231,masalah,thing
1232,mati,dead
1233,mati,die
1234,mati,go out
1235,mati,kick the bucket
1236,mati,meet one's maker
1237,mati,perish
1238,mayat,body
1239,mayat,cadaver
1240,mayat,corpse
1241,mayat,remains
1242,melakukan,carry out
1243,melakukan,do
1244,melakukan,execute
1245,melakukan,make
1246,melakukan,perform
1247,melakukan,proceed
1248,melakukan,pull off
1249,melakukan,run
1250,melanggar,break
1251,melanggar,defy
1252,melanggar,disobey
1253,melanggar,infringe
1254,melanggar,transgress
1255,melanggar,violate
1256,melemahkan,debilitate
1257,melemahkan,impair
1258,melemahkan,soften
1259,melemahkan,weaken
1260,melindungi,cover
1261,melindungi,guard
1262,melindungi,preserve
1263,melindungi,protect
1264,melindungi,secure
1265,melindungi,shield
1266,melumpuhkan,cripple
1267,melumpuhkan,debilitate
1268,melumpuhkan,demolish
1269,melumpuhkan,disable
1270,melumpuhkan,immobilize
1271,melumpuhkan,impair
1272,melumpuhkan,paralize
1273,melumpuhkan,paralyze
1274,melumpuhkan,stifle
1275,memastikan,ascertain
1276,memastikan,assure
1277,memastikan,confirm
1278,memastikan,determine
1279,memastikan,ensure
1280,memastikan,make sure
1281,memastikan,set
1282,memastikan,settle
1283,membahayakan,compromise
1284,membahayakan,endanger
1285,membahayakan,harm
1286,membahayakan,jeopardize
1287,membantu,aid
1288,membantu,assist
1289,membantu,contribute
1290,membantu,help
1291,membantu,lend a hand
1292,membantu,support
1293,membatalkan,annul
1294,membatalkan,call off
1295,membatalkan,cancel
1296,membatalkan,rescind
1297,membatalkan,void
1298,membatalkan,withdraw
1299,membenci,despise
1300,membenci,dislike
1301,membenci,hate
1302,membenci,loathe
1303,membuka,begin
1304,membuka,disclose
1305,membuka,open
1306,membuka,start
1307,membunuh,assassinate
1308,membunuh,destroy
1309,membunuh,dispatch
1310,membunuh,execute
1311,membunuh,finish off
1312,membunuh,kill
1313,membunuh,murder
1314,membunuh,off
1315,membunuh,slay
1316,membunuh,smite
1317,membunuh,snuff
1318,memerangi,battle
1319,memerangi,be against
1320,memerangi,combat
1321,memerangi,contend
1322,memerangi,counter
1323,memerangi,fight
1324,memerangi,fight against
1325,memerangi,fight back
1326,memerangi,oppose
1327,memerangi,resist
1328,memerangi,withstand
1329,mempertanyakan,doubt
1330,mempertanyakan,ponder
1331,mempertanyakan,question
1332,mempertanyakan,suspect
1333,memuji,commend
1334,memuji,compliment
1335,memuji,flatter
1336,memuji,praise
1337,menahan,arrest
1338,menahan,detain
1339,menahan,endure
1340,menahan,fight back
1341,menahan,hold
1342,menahan,hold back
1343,menahan,hold on
1344,menahan,keep
1345,menahan,keep under control
1346,menahan,resist
1347,menahan,suppress
1348,menahan,sustain
1349,menahan,withhold
1350,menahan,withstand
1351,menanti,expect
1352,menanti,look forward
1353,menanti,wait
1354,menanti,waiting
1355,menarik,alluring
1356,menarik,appealing
1357,menarik,attractive
1358,menarik,enticing
1359,menarik,eye-catching
1360,menarik,interesting
1361,menarik,intriguing
1362,menarik,riveting
1363,mencurigakan,dubious
1364,mencurigakan,fishy
1365,mencurigakan,sus
1366,mencurigakan,suspicious
1367,mendapatkan,acquire
1368,mendapatkan,attain
1369,mendapatkan,gain
1370,mendapatkan,get
1371,mendapatkan,getting
1372,mendapatkan,obtain
1373,mendapatkan,receive
1374,mendapatkan,win
1375,menderita,anguish
1376,menderita,endure
1377,menderita,suffer
1378,mendoktrin,indoctrinate
1379,mendorong,boost
1380,mendorong,compel
1381,mendorong,drive
1382,mendorong,encourage
1383,mendorong,motivate
1384,mendorong,prompt
1385,mendorong,propel
1386,mendorong,push
1387,mendorong,pushing
1388,mendorong,shove
1389,mendorong,stimulate
1390,mendukung,aid
1391,mendukung,back up
1392,mendukung,bolster
1393,mendukung,contribute
1394,mendukung,help out
1395,mendukung,promote
1396,mendukung,stick up
1397,mendukung,support
1398,mendukung,supporting
1399,mendung,clouded
1400,mendung,cloudy
1401,mendung,gloomy
1402,menembak,shoot
1403,menembak,shooting
1404,menerima,accept
1405,menerima,accepting
1406,menerima,get
1407,menerima,receive
1408,menerima,take
1409,mengakui,acknowledge
1410,mengakui,admit
1411,mengakui,confess
1412,mengakui,fess up
1413,mengakui,own up
1414,mengakui,profess
1415,mengakui,recognize
1416,mengamankan,apprehend
1417,mengamankan,arrest
1418,mengamankan,detain
1419,mengamankan,hold in
1420,mengamankan,pacify
1421,mengamankan,preserve
1422,mengamankan,prosecute
1423,mengamankan,secure
1424,mengeluarkan,dish out
1425,mengeluarkan,eject
1426,mengeluarkan,expel
1427,mengeluarkan,get out
1428,mengeluarkan,issue
1429,mengeluarkan,present
1430,mengeluarkan,pull out
1431,mengeluarkan,release
1432,mengeluarkan,spend
1433,mengeluarkan,throw out
1434,mengembalikan,bring back
1435,mengembalikan,give back
1436,mengembalikan,restore
1437,mengembalikan,return
1438,mengembalikan,send back
1439,mengerikan,awful
1440,mengerikan,bone-chilling
1441,mengerikan,dreadful
1442,mengerikan,gruesome
1443,mengerikan,horrible
1444,mengerikan,horrific
1445,mengerikan,horrifying
1446,mengerikan,morbid
1447,mengerikan,nightmarish
1448,mengerikan,scary
1449,mengerikan,terrible
1450,mengerikan,terrifying
1451,mengerikan,unnerving
1452,menghancurkan,break
1453,menghancurkan,crush
1454,menghancurkan,demolish
1455,menghancurkan,destroy
1456,menghancurkan,devastate
1457,menghancurkan,ruin
1458,menghancurkan,shatter
1459,menghancurkan,smash
1460,menghancurkan,tear
1461,menghancurkan,wreck
1462,menghargai,appreciate
1463,menghargai,cherish
1464,menghargai,commend
1465,menghargai,give credit
1466,menghargai,honor
1467,menghargai,prize
1468,menghargai,respect
1469,menghargai,reward
1470,menghargai,treasure
1471,menghargai,value
1472,menghindari,avoid
1473,menghindari,dodge
1474,menghindari,elude
1475,menghindari,evade
1476,menghindari,keep away
1477,menghindari,run from
1478,mengusir,banish
1479,mengusir,cast out
1480,mengusir,dislodge
1481,mengusir,drive away
1482,mengusir,evict
1483,mengusir,kick out
1484,mengusir,oust
1485,mengusir,repel
1486,mengusir,shoo away
1487,mengusir,throw out
1488,mengutuk,condemn
1489,mengutuk,curse
1490,mengutuk,damn
1491,mengutuk,decry
1492,meninggal,decease
1493,meninggal,depart
1494,meninggal,die
1495,meninggal,lose one's life
1496,meninggal,pass away
1497,meningkatkan,enhance
1498,meningkatkan,escalate
1499,meningkatkan,improve
1500,meningkatkan,increase
1501,meningkatkan,intensify
1502,meningkatkan,jack up
1503,meningkatkan,up
1504,meningkatkan,upgrade
1505,menolak,decline
1506,menolak,deny
1507,menolak,dismiss
1508,menolak,refuse
1509,menolak,reject
1510,menolak,turn down
1511,menunggu,anticipate
1512,menunggu,await
1513,menunggu,bide time
1514,menunggu,expect
1515,menunggu,stand by
1516,menunggu,wait
1517,menunggu,waiting
1518,menurunkan,bring down
1519,menurunkan,decrease
1520,menurunkan,dial down
1521,menurunkan,down
1522,menurunkan,drop
1523,menurunkan,drop off
1524,menurunkan,lower
1525,menurunkan,put down
1526,menurunkan,reduce
1527,menyadari,be aware
1528,menyadari,come to sense
1529,menyadari,realize
1530,menyadari,wake up
1531,menyadari,wise up
1532,menyalahkan,accuse
1533,menyalahkan,blame
1534,menyalahkan,condemn
1535,menyalahkan,fault
1536,menyalahkan,put on the spot
1537,menyalahkan,throw under the bus
1538,menyambut,greet
1539,menyambut,welcome
1540,menyebabkan,bring about
1541,menyebabkan,cause
1542,menyebabkan,causing
1543,menyebabkan,give rise to
1544,menyebabkan,leading to
1545,menyerang,assault
1546,menyerang,attack
1547,menyerang,charge
1548,menyerang,hit
1549,menyerang,rush
1550,menyerang,strike
1551,menyeret,drag
1552,menyeret,haul
1553,menyeret,lug
1554,menyeret,tow
1555,menyesatkan,mislead
1556,menyesatkan,misleading
1557,menyita,confiscate
1558,menyita,seize
1559,meragukan,doubt
1560,meragukan,dubious
1561,meragukan,question
1562,meragukan,suspect
1563,meruntuhkan,demolish
1564,meruntuhkan,knock down
1565,meruntuhkan,overthrow
1566,meruntuhkan,raze
1567,meruntuhkan,tear down
1568,minta,ask
1569,minta,ask for
1570,minta,request
1571,minta maaf,apologize
1572,minta maaf,excuse oneself
1573,minta maaf,i'm sorry
1574,minta maaf,pardon me
1575,miskin,broke
1576,miskin,destitute
1577,miskin,impoverished
1578,miskin,needy
1579,miskin,poor
1580,moga,hope
1581,muda,early
1582,muda,pale
1583,muda,young
1584,mudah,convenient
1585,mudah,easy
1586,mudah,ez
1587,mudah,simple
1588,mudah,straightforward
1589,muka,advance
1590,muka,countenance
1591,muka,face
1592,muka,front
1593,muka,look
1594,muka,mug
1595,muka,surface
1596,muka,visage
1597,mulia,esteemed
1598,mulia,glorious
1599,mulia,holy
1600,mulia,honorable
1601,mulia,noble
1602,mulia,precious
1603,mundur,back off
1604,mundur,fall back
1605,mundur,go back
1606,mundur,retreat
1607,mundur,set back
1608,mundur,step back
1609,murah,affordable
1610,murah,cheap
1611,murah,generous
1612,murah,inexpensive
1613,murka,angry
1614,murka,furious
1615,murka,mad
1616,murka,wrath
1617,musuh,adversary
1618,musuh,competitor
1619,musuh,contender
1620,musuh,enemy
1621,musuh,foe
1622,musuh,opponent
1623,musuh,rival
1624,nanti,afterward
1625,nanti,future
1626,nanti,in the future
1627,nanti,later
1628,nanti,some other time
1629,nekat,desperate
1630,nekat,reckless
1631,neraka,blaze
1632,neraka,hell
1633,neraka,inferno
1634,ngeri,eerie
1635,ngeri,fearful
1636,ngeri,horrible
1637,ngeri,scary
1638,ngeri,spooky
1639,ngeri,terrible
1640,ngerti,get it
1641,ngerti,understand
1642,nilai,grade
1643,nilai,mark
1644,nilai,score
1645,nilai,value
1646,nilai,worth
1647,oke,good
1648,oke,ok
1649,oke,okay
1650,oke,okey dokey
1651,oleh,by
1652,orang bodoh,birdbrain
1653,orang bodoh,doofus
1654,orang bodoh,dumbass
1655,orang bodoh,dummy
1656,orang bodoh,dunce
1657,orang bodoh,goof
1658,orang bodoh,idiot
1659,orang bodoh,nincompoop
1660,orang bodoh,pinhead
1661,orang bodoh,schmuck
1662,orang bodoh,stupid people
1663,pada,at
1664,pada,in
1665,pada,on
1666,pada,you all
1667,padat,compact
1668,padat,congested
1669,padat,crowded
1670,padat,dense
1671,padat,populous
1672,padat,solid
1673,padat,tight
1674,pahlawan,hero
1675,pahlawan,heroes
1676,pahlawan,patriot
1677,palsu,artificial
1678,palsu,bogus
1679,palsu,counterfeit
1680,palsu,dummy
1681,palsu,fake
1682,palsu,false
1683,palsu,imitation
1684,palsu,made-up
1685,palsu,phony
1686,palsu,sham
1687,panas,burning
1688,panas,flaming
1689,panas,heat
1690,panas,hot
1691,panas,scorching
1692,panas,temperature
1693,panas,thermal
1694,panas,warm
1695,panik,frigthened
1696,panik,panic
1697,panik,scare
1698,panjang,extensive
1699,panjang,length
1700,panjang,lengthy
1701,panjang,long
1702,pantat,arse
1703,pantat,ass
1704,pantat,asscheeks
1705,pantat,backside
1706,pantat,behind
1707,pantat,bottom
1708,pantat,bum
1709,pantat,butt
1710,pantat,buttock
1711,pantat,buttocks
1712,pantat,rear
1713,pantat,rump
1714,parodi,farce
1715,parodi,parody
1716,parodi,travesty
1717,pasti,absolute
1718,pasti,certain
1719,pasti,definite
1720,pasti,doubtless
1721,pasti,fixed
1722,pasti,sure
1723,pasti,undoubtly
1724,pecah,break
1725,pecah,broken
1726,pecah,burst
1727,pecah,busted
1728,pecah,popped
1729,pecah,shattered
1730,peduli,care
1731,peduli,pay attention
1732,pelaku,culprit
1733,pelaku,doer
1734,pelaku,performer
1735,pelaku,perp
1736,pelaku,perpetrator
1737,pelaku,perpretator
1738,pelaku,player
1739,pelaku kejahatan,criminal
1740,pelaku kejahatan,culprit
1741,pelaku kejahatan,perp
1742,pelaku kejahatan,perpetrator
1743,pelaku kejahatan,perpretator
1744,pembela,advocate
1745,pembela,apologist
1746,pembela,defender
1747,pembela,protector
1748,pembela,vindicator
1749,pemberani,daredevil
1750,pemberani,daring
1751,pemberani,fearless
1752,pemberani,interpid
1753,pemberontakan,betrayal
1754,pemberontakan,insurgency
1755,pemberontakan,rebelion
1756,pemberontakan,rebellion
1757,pemberontakan,revolt
1758,pemberontakan,revolution
1759,pemberontakan,uprising
1760,penangkapan,apprehension
1761,penangkapan,arrest
1762,penangkapan,capture
1763,penangkapan,catching
1764,penangkapan,interception
1765,penangkapan,trapping
1766,pendukung,backer
1767,pendukung,proponent
1768,pendukung,supporter
1769,penembakan,shooting
1770,pengecut,chicken
1771,pengecut,coward
1772,pengecut,sissy
1773,pengunjung,guest
1774,pengunjung,visitor
1775,penjara,big house
1776,penjara,brig
1777,penjara,cage
1778,penjara,gaol
1779,penjara,jail
1780,penjara,lockup
1781,penjara,penitentiary
1782,penjara,prison
1783,penjara,slammer
1784,penjara,ward
1785,penting,consequential
1786,penting,critical
1787,penting,essential
1788,penting,important
1789,penting,monumental
1790,penting,notable
1791,penting,prominent
1792,penting,significant
1793,penting,urgent
1794,penting,vital
1795,penuh,complete
1796,penuh,crowded
1797,penuh,full
1798,penuh,packed
1799,penuh,whole
1800,penularan,contagion
1801,penularan,infection
1802,penularan,spread
1803,penularan,spreading
1804,penularan,transimission
1805,penularan,transmission
1806,penyelamat,rescuer
1807,penyelamat,saver
1808,penyelamat,savior
1809,penyelidikan,inquiry
1810,penyelidikan,investigation
1811,perampok,bandit
1812,perampok,hijacker
1813,perampok,mugger
1814,perampok,plunderer
1815,perampok,robber
1816,perang,battle
1817,perang,war
1818,perasaan,feeling
1819,perasaan,heart
1820,perasaan,sense
1821,perasaan,sentiment
1822,percaya,believe
1823,percaya,trust
1824,perdamaian,peace
1825,peringatan,alert
1826,peringatan,commemoration
1827,peringatan,heads up
1828,peringatan,memorial
1829,peringatan,notice
1830,peringatan,remembrance
1831,peringatan,tip-off
1832,peringatan,warning
1833,perjuangan,battle
1834,perjuangan,effort
1835,perjuangan,fight
1836,perjuangan,struggle
1837,pertanyaan,query
1838,pertanyaan,question
1839,pertanyaan,questions
1840,pertempuran,battle
1841,pertempuran,combat
1842,pertempuran,fight
1843,pertempuran,war
1844,pertempuran,warfare
1845,pikir,ponder
1846,pikir,think
1847,pikir,thought
1848,pikir,wonder
1849,pintar,apt
1850,pintar,big-brained
1851,pintar,brainy
1852,pintar,bright
1853,pintar,brilliant
1854,pintar,clever
1855,pintar,cunning
1856,pintar,intelligent
1857,pintar,sharp-witted
1858,pintar,smart
1859,pintar,witty
1860,populer,famous
1861,populer,popular
1862,positif,positive
1863,potong,cut
1864,potong,slice
1865,puja,praise
1866,puja,worship
1867,puji,praise
1868,pukul,beat
1869,pukul,hit
1870,pukul,o'clock
1871,pukul,punch
1872,pukul,spank
1873,pukul,strike
1874,pulih,get well
1875,pulih,recover
1876,pulih,restore
1877,pulih,revert
1878,pura,shrine
1879,pura,temple
1880,pusing,dizzy
1881,pusing,faint
1882,pusing,giddy
1883,pusing,headache
1884,racun,poison
1885,racun,toxic
1886,racun,toxin
1887,racun,venom
1888,rahmat,blessing
1889,rahmat,godsend
1890,rahmat,grace
1891,rahmat,mercy
1892,rampas,grab
1893,rampas,rob
1894,rampas,snatch
1895,rampas,steal
1896,rampas,take away
1897,rampas,take over
1898,rampas,yank
1899,rampas,yoink
1900,ras,ethnicity
1901,ras,people
1902,ras,race
1903,raya,big
1904,raya,celebration
1905,raya,festivity
1906,raya,grand
1907,raya,great
1908,raya,large
1909,rela,accepting
1910,rela,compliant
1911,rela,ready
1912,rela,willing
1913,rindu,homesick
1914,rindu,lonesome
1915,rindu,longing
1916,rindu,miss
1917,rindu,yearning
1918,runtuh,cave in
1919,runtuh,collapse
1920,runtuh,fall
1921,runtuh,fall apart
1922,runtuh,fall down
1923,runtuh,tumblin down
1924,sadar,awake
1925,sadar,aware
1926,sadar,cognizant
1927,sadar,come round
1928,sadar,conscious
1929,sadar,know
1930,sadar,mindful
1931,sadar,realize
1932,sadar,recognize
1933,sadar,sensible
1934,saham,holdings
1935,saham,share
1936,saham,stock
1937,sakit,hurt
1938,sakit,ill
1939,sakit,pain
1940,sakit,sick
1941,sakit,sore
1942,salah,amiss
1943,salah,erroneous
1944,salah,false
1945,salah,fault
1946,salah,incorrect
1947,salah,mistaken
1948,salah,off
1949,salah,wrong
1950,salam,greeting
1951,salam,regards
1952,salam,salutation
1953,salut,salute
1954,sama,alike
1955,sama,common
1956,sama,equal
1957,sama,identical
1958,sama,same
1959,sama,similar
1960,sama,with
1961,samping,side
1962,sangat,exceptionally
1963,sangat,extremely
1964,sangat,greatly
1965,sangat,highly
1966,sangat,immensely
1967,sangat,most
1968,sangat,really
1969,sangat,sorely
1970,sangat,terribly
1971,sangat,very
1972,santai,chill
1973,santai,lounge
1974,santai,relax
1975,santai,relaxed
1976,santai,sit around
1977,sapa,greet
1978,sapa,who
1979,saran,advice
1980,saran,idea
1981,saran,offer
1982,saran,proposition
1983,saran,recommendation
1984,saran,suggestion
1985,sayang,baby
1986,sayang,beloved
1987,sayang,care
1988,sayang,darling
1989,sayang,dear
1990,sayang,honey
1991,sayang,love
1992,sayang,pity
1993,sayang,shame
1994,sayang,sugar
1995,sebab,because
1996,sebab,cause
1997,sebab,for
1998,sebab,ground
1999,sebab,in that
2000,sebab,motive
2001,sebab,reason
2002,sebab,since
2003,sebut,call out
2004,sebut,cite
2005,sebut,mention
2006,sebut,refer
2007,sebut,say
2008,sebut,speak of
2009,sedih,bitter
2010,sedih,dejected
2011,sedih,depressed
2012,sedih,heartbroken
2013,sedih,miserable
2014,sedih,misserable
2015,sedih,sad
2016,sedih,sorrowful
2017,sedih,unhappy
2018,segan,disinclined
2019,segan,reluctant
2020,segan,shy
2021,segan,timid
2022,segan,unwilling
2023,selamat,congratulations
2024,selamat,happy
2025,selamat,safe
2026,selesai,close
2027,selesai,complete
2028,selesai,completed
2029,selesai,finish
2030,selesai,finished
2031,selesai,over
2032,selesai,wrap up
2033,semangat,oomph
2034,semangat,passion
2035,semangat,spirit
2036,semangat,vigor
2037,sembunyi,hide
2038,sembunyi,hide out
2039,sembunyi,lay low
2040,sembunyi,secret
2041,semoga,hopefully
2042,semoga,may
2043,sempat,had time
2044,sempat,have time
2045,sempat,still able to
2046,senang,fond of
2047,senang,glad
2048,senang,happy
2049,senang,have fun
2050,senang,like
2051,senang,love
2052,senang,pleased
2053,sendiri,alone
2054,sendiri,by oneself
2055,sendiri,own
2056,sendiri,self
2057,sendiri,single
2058,sendiri,solo
2059,sendiri,unaccompanied
2060,senjata,arms
2061,senjata,gear
2062,senjata,gun
2063,senjata,weapon
2064,senyum,grin
2065,senyum,smile
2066,seperti,alike
2067,seperti,as if
2068,seperti,as though
2069,seperti,like
2070,seperti,similar
2071,seperti,similar to
2072,sepi,deserted
2073,sepi,desolate
2074,sepi,empty
2075,sepi,lonely
2076,sepi,lonesome
2077,sepi,quiet
2078,sepi,silent
2079,seragam,even
2080,seragam,homogenous
2081,seragam,same
2082,seragam,uniform
2083,seram,bone-chilling
2084,seram,eerie
2085,seram,grim
2086,seram,scary
2087,seram,sinister
2088,seram,spooky
2089,serang,assault
2090,serang,attack
2091,serang,charge
2092,serang,offense
2093,serang,rush
2094,serang,strike
2095,serangan,assault
2096,serangan,attack
2097,serangan,blow
2098,serangan,hit
2099,serangan,raid
2100,serangan,strike
2101,serikat,confederation
2102,serikat,league
2103,serikat,union
2104,serikat,united
2105,siap,prepared
2106,siap,ready
2107,siap,set
2108,siap,steady
2109,sigap,spry
2110,sigap,steady
2111,sigap,wide-awake
2112,silahkan,after you
2113,silahkan,if you will
2114,silahkan,please
2115,simpati,sympathy
2116,simpatik,sympathetic
2117,solidaritas,solidarity
2118,sopan,civil
2119,sopan,decent
2120,sopan,genteel
2121,sopan,kind
2122,sopan,nice
2123,sopan,polite
2124,sopan,proper
2125,sopan,refined
2126,sopan,respectful
2127,sopan,well-mannered
2128,stres,stress
2129,striker,striker
2130,suap,bribe
2131,suap,brown envelope
2132,suap,graft
2133,suap,hush money
2134,suap,incentive
2135,suap,something extra
2136,suap,sweetener
2137,suap,tip
2138,suka,adore
2139,suka,enjoy
2140,suka,fancy
2141,suka,fond of
2142,suka,like
2143,suka,love
2144,sulit,arduous
2145,sulit,complicated
2146,sulit,convoluted
2147,sulit,difficult
2148,sulit,hard
2149,sulit,intricate
2150,sulit,tough
2151,sulit,tricky
2152,sulit,troublesome
2153,sulit,uphill
2154,super,really
2155,super,super
2156,super,very
2157,surga,eden
2158,surga,heaven
2159,surga,nirvana
2160,surga,paradise
2161,surga,valhalla
2162,susah,difficult
2163,susah,hard
2164,susah,inconvenient
2165,susah,poor
2166,susah,troublesome
2167,tabah,determined
2168,tabah,enduring
2169,tabah,gritty
2170,tabah,patient
2171,tabah,resilient
2172,tabah,steadfast
2173,tabah,tough
2174,tabrak,crash
2175,tabrak,hit
2176,tahan,bear
2177,tahan,hold
2178,tahan,hold in
2179,tahan,persist
2180,tahan,put up with
2181,tahan,resist
2182,tahan,stand
2183,tahan,suppress
2184,tahan,take it
2185,tahan,tolerate
2186,tahan,withstand
2187,tahanan,captive
2188,tahanan,custody
2189,tahanan,detainee
2190,tahanan,hostage
2191,tahanan,inmate
2192,tahanan,prisoner
2193,tak kalah,able to compete
2194,tak kalah,not half bad
2195,tak kalah,not lose
2196,tak kalah,not to be outdone
2197,tak kalah,not too shabby
2198,tak kalah,win
2199,takut,afraid
2200,takut,fearful
2201,takut,scared
2202,takut,shaking
2203,takut,shivering
2204,takut,spooked
2205,tanggung jawab,commitment
2206,tanggung jawab,duty
2207,tanggung jawab,responsibility
2208,tangis,cry
2209,tangis,howl
2210,tangis,mourning
2211,tangis,sob
2212,tangis,wail
2213,tangis,weeping
2214,tangkap,arrest
2215,tangkap,capture
2216,tangkap,catch
2217,tantangan,challenge
2218,tantangan,dare
2219,tanya,ask
2220,tanya,inquire
2221,tanya,question
2222,tegang,anxious
2223,tegang,nervous
2224,tegang,stiff
2225,tegang,strained
2226,tegang,tense
2227,tegang,uptight
2228,tegas,assertive
2229,tegas,bold
2230,tegas,decided
2231,tegas,decisive
2232,tegas,dominant
2233,tegas,firm
2234,tegas,resolute
2235,tegas,rigid
2236,tegas,strict
2237,tembak,blast
2238,tembak,gun
2239,tembak,shoot
2240,tempur,battle
2241,tempur,combat
2242,tempur,war
2243,tenang,calm
2244,tenang,chill
2245,tenang,cool
2246,tenang,peaceful
2247,tenang,quiet
2248,tenang,serene
2249,tenang,tranquil
2250,tenggelam,drown
2251,tenggelam,drowned
2252,tenggelam,go down
2253,tenggelam,go under
2254,tenggelam,sink
2255,tentang,about
2256,tentang,concerning
2257,tentang,in regards to
2258,tentang,pertaining to
2259,tentang,regarding
2260,tentu,absolute
2261,tentu,certain
2262,tentu,definite
2263,tentu,fixed
2264,tentu,of course
2265,tentu,sure
2266,teramat,immensely
2267,teramat,incredibly
2268,teramat,really
2269,teramat,terribly
2270,teramat,very
2271,terbesar,biggest
2272,terbesar,largest
2273,terbunuh,cut down
2274,terbunuh,killed
2275,terbunuh,mugged
2276,terbunuh,murdered
2277,terbunuh,slain
2278,terbunuh,slaughtered
2279,terbunuh,snuffed out
2280,terbunuh,taken care of
2281,terganggu,agitated
2282,terganggu,annoyed
2283,terganggu,bothered
2284,terganggu,distracted
2285,terganggu,disturbed
2286,terganggu,interrupted
2287,terganggu,upset
2288,tergantung,depend
2289,tergantung,depends on
2290,tergantung,hinges on
2291,teriak,call
2292,teriak,cry
2293,teriak,scream
2294,teriak,shout
2295,teriak,yell
2296,teriakan,call
2297,teriakan,cry
2298,teriakan,scream
2299,teriakan,shout
2300,teriakan,yell
2301,terima,accept
2302,terima,get
2303,terima,obtain
2304,terima,receive
2305,terima kasih,thank you
2306,terima kasih,thanks
2307,terima kasih,thx
2308,terima kasih,ty
2309,terimakasih,thank you
2310,terimakasih,thanks
2311,terimakasih,thx
2312,terimakasih,ty
2313,terkejut,mind blown
2314,terkejut,shock
2315,terkejut,startled
2316,terkejut,surprise
2317,terkejut,surprised
2318,terkejut,taken aback
2319,terkena,affected
2320,terkena,caught
2321,terkena,got
2322,terkena,infected
2323,terkena,stricken
2324,terkena,struck
2325,terluka,hurt
2326,terluka,injured
2327,terluka,wounded
2328,teror,terror
2329,terpengaruh,affected
2330,terpengaruh,influenced
2331,terpengaruh,persuaded
2332,terpengaruh,swayed
2333,tersangka,defendant
2334,tersangka,suspect
2335,tersangka,the accused
2336,tersinggung,hurt
2337,tersinggung,insulted
2338,tersinggung,offended
2339,tersinggung,triggered
2340,tertarik,attracted
2341,tertarik,fascinated
2342,tertarik,interested
2343,tertentu,certain
2344,tertentu,particular
2345,tertentu,specific
2346,tertinggal,left
2347,tertinggal,left behind
2348,tidak,no
2349,tidak aman,not safe
2350,tidak aman,unsafe
2351,tinggal,just
2352,tinggal,live
2353,tinggal,remain
2354,tinggal,reside
2355,tinggal,stay
2356,tingkat,class
2357,tingkat,degree
2358,tingkat,extent
2359,tingkat,floor
2360,tingkat,grade
2361,tingkat,level
2362,tingkat,stage
2363,tingkat,step
2364,tingkat,tier
2365,tragedi,tragedy
2366,trauma,trauma
2367,tubuh,body
2368,tubuh,physisque
2369,tuduhan,accusation
2370,tuduhan,allegation
2371,tuduhan,charge
2372,tuduhan,indictment
2373,tukang jualan,merchant
2374,tukang jualan,peddler
2375,tukang jualan,salesman
2376,tukang jualan,seller
2377,tukang jualan,street vendor
2378,tumpas,cut down
2379,tumpas,destroy
2380,tumpas,eliminate
2381,tumpas,eradicate
2382,tunda,cancel
2383,tunda,delay
2384,tunda,hold up
2385,tunda,postpone
2386,tunggu,wait
2387,turun,decrease
2388,turun,descennding
2389,turun,down
2390,turun,drop down
2391,turun,fall off
2392,turun,go down
2393,turun,step down
2394,tutup,cap
2395,tutup,close
2396,tutup,closed
2397,tutup,cover
2398,tutup,lid
2399,tutup,top
2400,uang,buck
2401,uang,cash
2402,uang,dough
2403,uang,funds
2404,uang,money
2405,uang,nickel
2406,uang,stacks
2407,untung,fortune
2408,untung,gain
2409,untung,good luck
2410,untung,profit
2411,utuh,intact
2412,utuh,perfect
2413,utuh,undamaged
2414,utuh,whole
2415,wajib,mandatory
2416,wajib,must
2417,wajib,obligatory
2418,wajib,required
2419,waspada,alert
2420,waspada,beware
2421,waspada,careful
2422,waspada,caution
2423,waspada,wary
2424,wow,whoa
2425,wow,whoo
2426,wow,wow
2427,ya,ay
2428,ya,aye
2429,ya,uh huh
2430,ya,yas
2431,ya,ye
2432,ya,yea
2433,ya,yeah
2434,ya,yep
2435,ya,yes
2436,ya,yup
2437,yakin,assured
2438,yakin,believe
2439,yakin,certain
2440,yakin,confident
2441,yakin,sure
2442,yakin,trust
