,indonesian,toba_batak
0,abu,abu
1,abu,orbuk
2,abu,sirabun
3,abu,sorbuk
4,adopsi,adopsi
5,adopsi,ain
6,adopsi,angkat
7,adopsi,jakhon
8,aduh,abak
9,aduh,ago
10,aduh,agoh
11,aduh,agoi
12,aduh,amangjo
13,aduh,daga
14,aduh,ue
15,aktif,aktif
16,aktif,hicca
17,aktif,mangolu
18,aku,ahu
19,aku,au
20,aku,iba
21,alam,alam
22,alam,lung
23,alam,portibi
24,alasan,dalian
25,alasan,mutmut
26,alasan,perbonsiran
27,alasan,sidalian
28,aman,aman
29,aman,dame
30,aman,lantas
31,aman,sonang
32,amat,hian
33,amat,mansai
34,amat,tung
35,amat,utus
36,ambil,ahut
37,ambil,ait
38,ambil,buat
39,ambil,horus
40,ambil,jomput
41,ancam,ancam
42,ancam,asup
43,ancam,asupi
44,ancam,ondam
45,ancaman,ancaman
46,ancaman,asupan
47,ancaman,oga-oga
48,ancaman,ondaman
49,ancaman,pulas
50,aneh,asing
51,aneh,tandi
52,anehnya,asing nai
53,anehnya,asingnai
54,anehnya,oing
55,anggun,bagak
56,anggun,tongam
57,anggun,uli
58,anti,alo
59,anti,musu
60,anti,sogo
61,anti,tundal
62,antisipasi,alatan
63,antisipasi,hatiaan
64,antisipasi,tagam
65,antisipasi,ulpukan
66,api,api
67,apresiasi,pamuntenon
68,apresiasi,pasangaphon
69,apresiasi,pujian
70,asing,asing
71,asing,leban
72,asing,pinjil
73,asyik,lengen
74,asyik,noni
75,asyik,tabo
76,badass,mantap
77,bagi,bagi
78,bagi,ris
79,bagi,sagi
80,bagus,bagak
81,bagus,bulus
82,bagus,denggan
83,bagus,jeges
84,bagus,lehet
85,bagus,uli
86,bahagia,antu
87,bahagia,bahagia
88,bahagia,dame
89,bahagia,sonang
90,bahaya,mamis
91,bahaya,mara
92,bahaya,marhinamago
93,bahaya,parmaraan
94,baik,bage
95,baik,bajur
96,baik,burju
97,baik,denggan
98,baik,lengket
99,baik,uli
100,baik,une
101,ban,ban
102,bangga,aga
103,bangga,anggar
104,bangga,asang
105,bangga,bangga
106,bangga,menga
107,bantu,tolopi
108,bantu,tumpaki
109,bantu,urupi
110,batal,dang jadi
111,batal,ndang jadi/saut
112,batal,sengsang
113,batal,sitel
114,batal,sundat
115,batas,balok
116,batas,batas
117,batas,bolat
118,batas,olat
119,batas,talpak
120,bebas,lentes
121,bebas,lomo
122,bebas,lungkas
123,bebas,malua
124,bebas,manalentes
125,beberapa,manang na piga
126,beberapa,piga-piga
127,beberapa,sasadia
128,bela,ampin
129,bela,ampini
130,bela,ondi
131,bela,tuturi
132,belakang,huduk
133,belakang,pudi
134,belakang,pudi-pudi
135,belakang,tundal
136,benar,bonar
137,benar,peto
138,benar,sintong
139,benar,tingkos
140,benar,toho
141,benar,tongon
142,benar,tutu
143,bencana,bala
144,bencana,mara
145,bencana,sorimago
146,bencana,tona
147,benci,bias
148,benci,late
149,benci,pusu
150,benci,sogo
151,benci,sogo roha
152,berani,barani
153,berani,garang
154,berani,natodos
155,berani,pang
156,berani,tolap
157,berarti,maralapatan
158,berarti,mararti
159,berarti,marboho
160,berarti,sipat
161,berat,bandat
162,berat,bonton
163,berat,borat
164,berat,dokdok
165,berat,posa/posi
166,berbahaya,jorbut
167,berbahaya,manegai
168,berbahaya,manusai
169,berbahaya,marmara
170,berbahaya,sogir
171,berdarah,margota
172,berdarah,marmudar
173,berdoa,mangalompit tangan
174,berdoa,marmangmang
175,berdoa,martangiang
176,berdoa,martonggo
177,berduka,bonosan
178,berduka,marhabot
179,berduka,marhobot ni roha
180,berduka,marsak
181,berguna,hasea
182,berguna,marguna
183,berguna,marlaba
184,berguna,marlapatan
185,berguna,marmusmus
186,berguna,seang
187,berhak,marhak
188,berhak,marhuaso
189,berhak,marnampuna
190,berharap,mangarop
191,berharap,manghirim
192,berharap,martagan
193,berharap,tarhirim
194,beri,bagi
195,beri,lean
196,beri,lehon
197,beri,na
198,berkomitmen,marhapateon
199,berkomitmen,markomitmen
200,berkomitmen,marsitutu
201,berlebihan,marlobian
202,berlebihan,polobihu
203,berlebihan,rari
204,berlebihan,sumar
205,bermanfaat,mararti
206,bermanfaat,marguna
207,bermanfaat,marlapatan
208,bermanfaat,marnangon
209,bermanfaat,marniula
210,bermanfaat,marpangke
211,bermanfaat,marsauli
212,bersaing,maralo
213,bersaing,marlumba
214,bersaing,marsaing
215,bersaing,marsiallangan roha
216,bersama,impi
217,bersama,pungu
218,bersama,rap
219,bersama,renta
220,bersama,sarappak
221,bersama,udur
222,bersedih,malungun
223,bersedih,mandangol
224,bersedih,marbonsa
225,bersedih,marlungun roha
226,bersedih,marsak
227,bersembunyi,mangindung
228,bersembunyi,mangirput
229,bersembunyi,martabuni
230,bersembunyi,monggop
231,bersorak,marjoi
232,bersorak,marsorak
233,bersorak,marsurahi
234,bersorak,marsurak
235,besar,balga
236,besar,baltuk
237,besar,bolon
238,besar,heba
239,besar,jonggi
240,besar,tolmok
241,biadab,biadap
242,biadab,dorodo
243,biadab,na so paho
244,biadab,pasul
245,biaya,biaya
246,biaya,hepeng
247,biaya,ongkos
248,biaya,seo
249,bingung,bojok
250,bingung,longang
251,bingung,momar
252,bodoh,bobang
253,bodoh,dodong
254,bodoh,loak
255,bodoh,oto
256,bodoh,ridom
257,bodoh,somalo
258,bohong,mamorso
259,bohong,mangajuk
260,bohong,margabus
261,bohong,marganjang dila
262,bohong,margapgap
263,bom,bom
264,buka,bambang
265,buka,buka
266,buka,bukka
267,buka,talak
268,buka,ungkap
269,bunga,bunga
270,bunga,mutik
271,bungkam,derem
272,bungkam,hohom
273,bungkam,ngungu
274,bungkam,sip
275,bungkam,tutup
276,bunuh,bonomhon
277,bunuh,pamate
278,bunuh,pusa
279,bunuh diri,maningkot
280,buruk,buruk
281,buruk,dae
282,buruk,jombing
283,buruk,roa
284,buruk,sambor
285,buta,mapitung
286,buta,peltong
287,buta,pitung
288,buta,rambon
289,cantik,bagak
290,cantik,lehet
291,cantik,santik
292,cantik,uli
293,capai,dapot
294,capai,dungdung
295,capai,ngaet
296,capai,sahat
297,capai,saut
298,cari,diori
299,cari,lului
300,cari,mangalului
301,cari,sigat
302,cedera,cedera
303,cedera,mabungang
304,cedera,marmara
305,cedera,tararit
306,cegah,ambat
307,cegah,ontap
308,cegah,otap
309,cegah,sundati
310,cemas,cemas
311,cemas,lomos
312,cemas,marhusari
313,cepat,gira
314,cepat,hatop
315,cepat,hojot
316,cepat,hudus
317,cepat,jalo
318,cepat,ligat
319,cepat,sigop tokkin
320,cepat,tibu
321,cerdas,bisuk
322,cerdas,malo
323,cerdas,pistar
324,cinta,holong
325,cinta,sinta
326,cium,umma
327,cocok,cocok
328,cocok,soksok
329,cocok,tangkup
330,cocok,tongon
331,cocok,une
332,copet,bandit
333,copet,copet
334,copet,panakko
335,damai,dame
336,damai,demak
337,damai,menak
338,damai,tompul
339,dapat,dapot
340,dapat,dohar
341,dapat,jumpang
342,dapat,tolap
343,daya,gogo
344,daya,golle
345,diabaikan,dang diparrohahon
346,diabaikan,dilaoshon
347,diabaikan,dipasombu
348,diam,derem
349,diam,hohom
350,diam,ngungu
351,diam,sip
352,diancam,diancam
353,diancam,diasup
354,diancam,diasupi
355,diancam,diondam
356,dibersihkan,dibasu
357,dibersihkan,diburi
358,dibersihkan,dilusak
359,dibersihkan,dipaias
360,dicuri,dibandit
361,dicuri,dibuat
362,dicuri,ditangko
363,dihukum,diban
364,dihukum,dihukum
365,dihukum,diuhum
366,dikalahkan,dipatalu
367,dikalahkan,ditaluhon
368,dikalahkan,patu
369,dipercaya,dihaporseai
370,dipercaya,diparhatutu
371,dipermalukan,dipaila
372,dipermalukan,dipaurak
373,dipermalukan,murak
374,dipertanyakan,dipasukkunhon
375,dipertanyakan,disungkun-sungkun
376,diprovokasi,di elaela
377,diprovokasi,dipabada-bada
378,diprovokasi,dipabadabada
379,disebut-sebut,didok-dok
380,disebut-sebut,didokhon-dokhon
381,disebut-sebut,digoar-goari
382,ditakuti,dihabiari
383,ditakuti,ditahuti
384,ditangkap,ditangkup
385,diteror,dijongiri
386,diteror,dijungkati
387,diteror,diteror
388,ditinggalkan,dipanaek
389,ditinggalkan,ditadinghon
390,ditinggalkan,ditinggalhon
391,ditingkatkan,dipadenggan
392,ditingkatkan,ditingkathon
393,dituduh,ditudu
394,ditunda,diambati
395,ditunda,dipaso
396,ditunda,disundati
397,doa,tangiang
398,doktrin,doktrin
399,doktrin,pangajaran
400,duka,arsak
401,duka,bonos
402,duka,habot
403,duka,hobot
404,duka,lungun
405,dukung,dukung
406,dukung,galang
407,dukung,olop
408,dukung,rait
409,dukungan,dukungan
410,dukungan,galangan
411,dukungan,olopan
412,dukungan,raitan
413,efektif,efektif
414,efektif,tulbas
415,eksklusif,aksklusif
416,eksklusif,hoding
417,eksklusif,sudung
418,empati,mangulahon
419,empati,marroha
420,fitnah,asung
421,fitnah,fitna
422,fitnah,leai
423,fitnah,salik
424,fokus,diparrohahon
425,fokus,fokus
426,fokus,tulus
427,gagah,botang
428,gagah,gagah
429,gagah,jogi
430,gagah,togos
431,gagal,gagal
432,gagal,ganjal
433,gagal,sundat
434,gampang,gampang
435,gampang,mura
436,gampang,rondang
437,ganggu,ganggu
438,ganggu,guga
439,ganggu,lola
440,gaya,eol
441,gaya,gaya
442,gaya,pangeol
443,gaya,parmahemahe
444,gelap,golap
445,gelap,holom
446,gelap,lintom
447,gelap,lomlom
448,gelap,pojam
449,gentar,hordit
450,gentar,mabiar
451,gentar,manghahitir
452,gertak,ogap
453,gertak,ondam
454,gertak,ordit
455,gertak,organg
456,gila,rintik
457,gila,rittik
458,gila,sedeng
459,gila,senu
460,guncang,huntal
461,guncang,hutur
462,guncang,lunsang
463,guncang,unjal
464,guncangan,guncangan
465,guncangan,gunsangan
466,guncangan,huntalan
467,guncangan,lunsangan
468,guncangan,unjalan
469,ha,ha
470,habis,habis
471,habis,job
472,habis,rumar
473,habis,sae
474,habis,suda
475,habis,sun
476,habis,timpas
477,hal,bongka
478,hal,hal
479,hal,taringot
480,hancur,deder
481,hancur,gopu
482,hancur,lala
483,hancur,langke
484,hancur,maropuk
485,hancur,rage
486,hancur,rase
487,hancur,ropang
488,hancur,sarsar
489,hancur,sega
490,hantu,begu
491,harapan,asangasang
492,harapan,bagabaga
493,harapan,haropan
494,harapan,hiriman
495,harapan,panghirimon
496,harapan,tagaman
497,harga,arga
498,harga,asam
499,harta,arta
500,harta,pinungka
501,harta,siadongan
502,harta,sinamot
503,hasil,abak
504,hasil,gogo
505,hasil,omo
506,hasil,parbue
507,hati,ate-ate
508,hati,roha
509,hati-hati,manat-manat
510,hati-hati,nanget-nanget
511,hati-hati,parateatehon
512,hati-hati,parrohahon
513,hebat,bongak
514,hebat,hebat
515,hebat,jago
516,hebat,jebu
517,heboh,heba
518,heboh,heboh
519,heboh,hoga
520,heboh,sobu
521,heroik,heroik
522,heroik,jago
523,hidup,mangolu
524,hidup,ngolu
525,hidup,ngoulu
526,hidup,ubung
527,hilang,linop
528,hilang,mago
529,hilang,mapisik
530,hukum,paminsangon
531,hukum,patik
532,hukum,uhum
533,ikut,dohot
534,ikut,ihut
535,ikut,olo
536,ilham,ilham
537,iman,haporseaon
538,indah,bagak
539,indah,denggan
540,indah,uli
541,ingat,dang lupa
542,ingat,ingot
543,ingin,giot
544,ingin,hirim
545,ingin,naeng
546,ingin,olo
547,interogasi,manukkuni
548,interogasi,pamaresoon
549,interogasi,sukkunsukkun
550,isi,impola
551,isi,isi
552,istimewa,hoding
553,istimewa,istimewa
554,istimewa,poling
555,istimewa,pulik
556,istimewa,sudung
557,jahat,jahat
558,jahat,jungkat
559,jahat,roa
560,jahat,tangkang
561,jamin,borot
562,jamin,hangkung
563,jamin,jamin
564,jatuh,ambal
565,jatuh,dabu
566,jatuh,dekdek
567,jatuh,madabu
568,jatuh,ompas
569,jatuh,peut
570,jatuh,sabur
571,jatuh,timpal
572,jawab,alus
573,jawab,alusi
574,jawab,pangalusion
575,jaya,jaya
576,jaya,marbungaran
577,jaya,ramot
578,jelas,hantus
579,jelas,jelas
580,jelas,nalnal
581,jelas,talpak
582,jelas,tangkas
583,jelas,teda
584,jelas,tedak
585,jelek,dae
586,jelek,jorbut
587,jelek,roa
588,jelek,tulasik
589,jenis,mansam
590,jenis,ragam
591,jenis,rombang
592,jenis,rumang
593,jual,gadis
594,jual,tigatigahon
595,kalah,talu
596,kalimat,kalimat
597,kalimat,pandohan
598,kapal,kapal
599,kapal,parau
600,kapal,solu
601,karya,karya
602,karya,siaptupaon
603,karya,sibahen-bahen
604,karya,ulaon
605,kasihan,asi roha
606,kasihan,bansor
607,kasihan,dabu roha
608,kasihan,maras
609,kaya,mamora
610,kaya,manduma
611,kaya,maradong
612,kaya,mora
613,kaya,nagabe
614,keadilan,haadilon
615,keadilan,hatigoran
616,keadilan,hatingkosan
617,keamanan,haamanon
618,keamanan,hadameon
619,keamanan,hasonangon
620,kebaikan,dengganbasa
621,kebaikan,haburjuon
622,kebaikan,hadengganon
623,kebaikan,halehetan
624,kebencian,biasbias
625,kebencian,hasogoon
626,kebencian,hasosogo ni roha
627,keberanian,habeguon
628,keberanian,hagarangan
629,keberanian,hagarangon
630,keberanian,hapuragaan
631,kebetulan,martongontongon
632,kebetulan,sitoha
633,kebetulan,tarsor
634,kebetulan,topettopet
635,kecewa,balging
636,kecewa,barjing
637,kecewa,manarita
638,kecewa,marsak
639,kecewa,sarita
640,kehancuran,hagenoon
641,kehancuran,hasesega
642,kehilangan,agoago
643,kehilangan,agoan
644,kehilangan,hamagoan
645,kehilangan,hamagoon
646,kejahatan,hajahaaton
647,kejahatan,hajahaton
648,kejahatan,hajukkaton
649,kejam,jahat
650,kejam,jongir
651,kejam,jungkat
652,kejam,kejam
653,keji,jungkat
654,keji,keji
655,keji,lea
656,kekayaan,haadongan
657,kekayaan,hagabean
658,kekayaan,hamoraon
659,kekayaan,parartaon
660,kekayaan,sinamot
661,kekerasan,kekerasan
662,kekerasan,marlao tangan
663,kekerasan,pandoboon
664,kekuatan,hagogoan
665,kekuatan,hagogoon
666,kekuatan,nosan
667,kekuatan,toga
668,kelaparan,haleon
669,kelaparan,handoruson
670,kelaparan,hangar
671,kelaparan,haraparon
672,kelaparan,kelaparan
673,keluar,harhar
674,keluar,haruar
675,keluar,kaluar
676,keluar,mullop
677,keluar,pullit
678,keluar,ruar
679,kematian,hamamate
680,kematian,hamatean
681,kembali,mulak
682,kembali,mundar
683,kembali,ro
684,kembali,suang
685,kena,dai
686,kena,hona
687,kena,tipa
688,kenal,tanda
689,kenyamanan,haamanon
690,kenyamanan,hamenakon
691,kenyamanan,hataboon
692,kepentingan,haporluan
693,kepentingan,haringkoton
694,keras,jogal
695,keras,karas
696,keras,pang
697,keras,pir
698,keren,bagak
699,keren,bongak
700,keren,jago
701,keren,keren
702,keren,legan
703,keren,mantap
704,kerugian,harugian
705,kerugian,harugion
706,kerusakan,hagenoon
707,kerusakan,hasegaon
708,kerusakan,hasesega
709,kesalahan,hasalaan
710,kesalahan,pipot
711,kesalahan,sala
712,kesan,siingoton
713,kesempatan,kesempatan
714,kesempatan,partikkian
715,kesempatan,tampahan
716,kesepian,hapunjungan
717,kesepian,longolongoan
718,kesepian,lungunan
719,kesulitan,hagogotan
720,kesulitan,hamaolon
721,kesulitan,hasusaan
722,kesulitan,parungkilon
723,ketakutan,biahaton
724,ketakutan,habiaran
725,ketakutan,lomos
726,ketakutan,mabiar
727,ketakutan,mangkahitir
728,ketat,ketat
729,ketat,poltik
730,ketat,tangging
731,ketat,tanggir
732,ketegangan,hategangon
733,ketegangan,mandenggal
734,ketegangan,marsitoltol
735,kompak,domu
736,kompak,kompak
737,kompak,renta
738,kompak,rimpa
739,kompak,sauduran
740,konflik,jea
741,konflik,masala
742,konflik,paraloan
743,konflik,parbadaan
744,konspirasi,konspirasi
745,konspirasi,pamingkirion
746,korban,korban
747,korban jiwa,korban jiwa
748,korban jiwa,na hona
749,korban jiwa,na mate
750,kosong,kosong
751,kosong,langa
752,kosong,lapung
753,kosong,luang
754,kosong,rumar
755,kotor,dorsum
756,kotor,hodar
757,kotor,jorok
758,kotor,rotak
759,kotor,samuk
760,kuat,beteng
761,kuat,gogo
762,kuat,jogi
763,kuat,pang
764,kurang,alang
765,kurang,hurang
766,kurang,moru
767,kutuk,asup
768,kutuk,bura
769,kutuk,kutuk
770,kutuk,paniala
771,kutuk,pulas
772,kutuk,sapata
773,kutukan,asupan
774,kutukan,buraan
775,kutukan,kutukan
776,kutukan,marsapata
777,kutukan,panialaan
778,kutukan,pulasan
779,langgar,langgar
780,langgar,ranggar
781,langgar,tombom
782,larang,oraan
783,larang,orai
784,larang,pissang
785,larangan,naso siulaon
786,larangan,oraan
787,larangan,pissangan
788,lawan,alo
789,lawan,bada
790,lawan,musu
791,layak,layak
792,layak,patut
793,layak,suman
794,layak,tama
795,lebih,andul
796,lebih,lobi
797,lebih,lumobi
798,lebih,um
799,lebih baik,dumenggan
800,lebih baik,nadumenggan
801,lebih baik,tagonan
802,lebih baik,tumagon
803,lembut,gabur
804,lembut,gamir
805,lembut,lambok
806,lembut,lemes
807,lengkap,impi
808,lengkap,lengkap
809,lengkap,pungu
810,lengkap,renta
811,lengkap,singkop
812,lenyap,impas
813,lenyap,lenyap
814,lenyap,lintom
815,lenyap,lonop
816,lenyap,suda
817,lewat,bolus
818,lewat,langkap
819,lewat,laos
820,lewat,lewat
821,lihat,bereng
822,lihat,ida
823,lihat,tatap
824,lihat,tinggkir
825,lmao,0
826,luar biasa,luar biasa
827,luar biasa,na sumalim
828,lucu,erget
829,lucu,gait
830,lucu,geok
831,lucu,lucu
832,luka,arit
833,luka,bugang
834,luka,luka
835,luka,raprap
836,lupa,lalap
837,lupa,lalus
838,lupa,lupa
839,lupa,silap
840,maaf,maaf
841,maaf,maap
842,maaf,santabi
843,mahal,arga
844,mahal,arga hian
845,mampu,boi
846,mampu,bolas
847,mampu,pang
848,mampu,tolap
849,marah,biraon
850,marah,muruk
851,marah,rimas
852,marah,sitik
853,marah,tombos
854,masalah,jea
855,masalah,masala
856,mati,mate
857,mati,mintop
858,mati,pidor
859,mayat,bakke
860,mayat,bangke
861,melakukan,mambahen
862,melakukan,mangulahon
863,melakukan,patupahon
864,melanggar,mangalanggar
865,melanggar,mangalaosi
866,melanggar,manombom
867,melemahkan,manggalehon
868,melemahkan,pagalehon
869,melindungi,mangalindungi
870,melindungi,mangalinggomi
871,melindungi,mangamoti
872,melindungi,mangarajai
873,melindungi,merorot
874,melumpuhkan,mangpangpanghon
875,melumpuhkan,palumpuhon
876,memastikan,mamastihon
877,memastikan,mamatehon
878,memastikan,patandashon
879,memastikan,patangkashon
880,membahayakan,mambahayahon
881,membahayakan,manegai
882,membahayakan,mansalai
883,membantu,mambantu
884,membantu,mangurupi
885,membantu,manumpahi
886,membantu,manumpak
887,membatalkan,mambatalhon
888,membatalkan,manundati
889,membatalkan,pasundathon
890,membenci,mambenci
891,membenci,manghasogo
892,membenci,mansogohon
893,membenci,marbias
894,membuka,mambuha
895,membuka,mambuka
896,membuka,mamuha
897,membuka,patalakhon
898,membunuh,mamuje
899,membunuh,mamunu
900,membunuh,mamusa
901,membunuh,manikam
902,membunuh,pamatehon
903,memerangi,mamorangi
904,memerangi,mamusui
905,memerangi,mandopang
906,memerangi,mangalo
907,memerangi,paaloalo
908,mempertanyakan,manungkunhon
909,mempertanyakan,marpanukkun
910,mempertanyakan,marpanungkun
911,memuji,mamanggar
912,memuji,mamuji
913,memuji,mangedung
914,menahan,mamalang
915,menahan,mameop
916,menahan,manahan
917,menahan,manaon
918,menahan,tumaon
919,menanti,mampaima
920,menanti,managam
921,menanti,manghirim
922,menanti,paimahon
923,menanti,paintehon
924,menarik,manarik
925,menarik,mangait
926,menarik,manittak
927,mencurigakan,mancurigahon
928,mencurigakan,manihai
929,mendapatkan,mandapothon
930,mendapatkan,manopothon
931,mendapatkan,tumopot
932,menderita,manaon
933,menderita,manarita
934,menderita,mangae
935,menderita,mardangol
936,menderita,marsingkor
937,mendoktrin,mandoktrin
938,mendoktrin,mangajari
939,mendoktrin,mangarahon
940,mendorong,mandorong
941,mendorong,mangapoi
942,mendorong,mangonjar
943,mendorong,manorong
944,mendukung,mandukung
945,mendukung,mangangkupi
946,mendukung,manggalang
947,mendukung,maniolopi
948,mendung,habot
949,mendung,hobot
950,mendung,marhobot
951,mendung,mendung
952,menembak,manembak
953,menerima,mangolophon
954,menerima,manjakkon
955,menerima,manjalo
956,mengakui,mangakui
957,mengakui,manghatingkoshon
958,mengakui,manopoti
959,mengamankan,mangamnhon
960,mengamankan,padamehon
961,mengamankan,pasonanghon
962,mengeluarkan,paharuarhon
963,mengeluarkan,pakaluarhon
964,mengembalikan,manulak
965,mengembalikan,pasuanghon
966,mengembalikan,paulakhon
967,mengerikan,marnajorbut
968,mengerikan,marnapotir
969,mengerikan,ngeri hian
970,menghancurkan,manegai
971,menghancurkan,mangago
972,menghancurkan,manggopu
973,menghancurkan,manghancurhon
974,menghargai,mangaloi
975,menghargai,pajagarhon
976,menghargai,pasangaphon
977,menghindari,mandao
978,menghindari,martabuni
979,menghindari,menghindari
980,menghindari,pasidinghon
981,mengusir,mangalele
982,mengusir,mangusir
983,mengusir,pabali
984,mengusir,palaohon
985,mengutuk,magutuk
986,mengutuk,mamburai
987,mengutuk,mamurai
988,mengutuk,mangasupi
989,mengutuk,manumpahi
990,meninggal,marujung
991,meninggal,mate
992,meninggal,tirdong
993,meninggal,tos
994,meningkatkan,manaekhon
995,meningkatkan,manaikhon
996,meningkatkan,marnakkokhon
997,meningkatkan,panaikhon
998,menolak,manalushon
999,menolak,manjua
1000,menolak,manolak
1001,menolak,manulak
1002,menolak,marmaling
1003,menolak,tiala
1004,menunggu,managam
1005,menunggu,manomunomu
1006,menunggu,paimahon
1007,menunggu,paintehon
1008,menurunkan,paijurhon
1009,menurunkan,patuathon
1010,menurunkan,paturunhon
1011,menyadari,mansadari
1012,menyadari,manyadari
1013,menyalahkan,mansalahon
1014,menyalahkan,pabalihon
1015,menyalahkan,tiala
1016,menyambut,mangjanghon
1017,menyambut,mangolophon
1018,menyambut,manomu
1019,menyambut,manomunomu
1020,menyambut,marolop
1021,menyebabkan,mambahen
1022,menyebabkan,manghabingkashon
1023,menyebabkan,manghorhon
1024,menyerang,mamorang
1025,menyerang,manaroso
1026,menyerang,mangarompak
1027,menyerang,mangaronron
1028,menyeret,manarat
1029,menyeret,maneret
1030,menyesatkan,paliluhon
1031,menyesatkan,pasesathon
1032,menyita,manangsi
1033,menyita,manita
1034,menyita,manyita
1035,meragukan,manangsihon
1036,meragukan,mangaraguhon
1037,meruntuhkan,mangaroppakhon
1038,meruntuhkan,manurturi
1039,minta,jalo
1040,minta,pangida
1041,minta,pangido
1042,minta maaf,mangido maaf
1043,minta maaf,manjalo maaf
1044,miskin,bile
1045,miskin,marpogos
1046,miskin,pogos
1047,moga,anggiat
1048,muda,bajar
1049,muda,danak
1050,muda,muda
1051,muda,poso
1052,mudah,ambung
1053,mudah,momo
1054,mudah,mura
1055,muka,bohi
1056,muka,muko
1057,mulia,badia
1058,mulia,parbadia
1059,mulia,sangap
1060,mulia,songkal
1061,mulia,tongam
1062,mundur,mundur
1063,mundur,sumurut
1064,mundur,sundar
1065,mundur,surut
1066,murah,mura
1067,murka,laga
1068,murka,muruk
1069,murka,rimas
1070,musuh,alo
1071,musuh,hosom
1072,musuh,musu
1073,musuh,sanding
1074,musuh,tihus
1075,nanti,annong
1076,nanti,anongan
1077,nanti,paima
1078,nanti,painte
1079,nekat,manuntun lomo
1080,nekat,nekat
1081,neraka,api narokko
1082,neraka,narokko
1083,ngeri,jongir
1084,ngeri,jorbut
1085,ngeri,ngeri
1086,ngeri,sabi
1087,ngerti,antusi
1088,ngerti,diantusi
1089,ngerti,diboto
1090,nilai,nilai
1091,nilai,punten
1092,oke,ok
1093,oke,oke
1094,oleh,ala
1095,oleh,angkup
1096,oleh,marhite
1097,oleh,oleh
1098,oleh,sian
1099,orang bodoh,jolma na bodok
1100,orang bodoh,jolma na oto
1101,orang bodoh,naoto
1102,pada,di
1103,pada,marna
1104,pada,pada
1105,pada,tu
1106,padat,gok
1107,padat,padat
1108,padat,sosot
1109,padat,suksuk
1110,padat,tabun
1111,pahlawan,pahlawan
1112,pahlawan,pangulima
1113,pahlawan,ulubalang
1114,palsu,lipe
1115,palsu,palsu
1116,palsu,pargapgap
1117,palsu,sambar
1118,panas,gorgor
1119,panas,las
1120,panas,milas
1121,panas,mohop
1122,panik,kahitir
1123,panik,lomos
1124,panik,panik
1125,panjang,ganjang
1126,panjang,landi
1127,pantat,ihur
1128,pantat,tambon
1129,parodi,mangehet
1130,parodi,maniru
1131,parodi,manuman
1132,parodi,parodi
1133,pasti,ikkon
1134,pasti,ondol
1135,pasti,pasti
1136,pasti,pate
1137,pasti,tangkas
1138,pasti,tingkos
1139,pasti,toho
1140,pasti,tutu
1141,pecah,bilhak
1142,pecah,bola
1143,pecah,maputtar
1144,pecah,ponsa
1145,pecah,pussa
1146,pecah,puttas
1147,pecah,ropuk
1148,pecah,sarsar
1149,peduli,anture
1150,peduli,parduli
1151,peduli,peduli
1152,peduli,sari
1153,pelaku,namambahen
1154,pelaku,pangula
1155,pelaku kejahatan,namambahen hajahaton
1156,pelaku kejahatan,parjehe
1157,pembela,pangampini
1158,pembela,panuturi
1159,pembela,pengampin
1160,pemberani,nagarang
1161,pemberani,pambarani
1162,pemberani,pargarang
1163,pemberani,parpuraga
1164,pemberontakan,pamberontak
1165,pemberontakan,pamborontak
1166,pemberontakan,pangalo
1167,penangkapan,panangkupon
1168,pendukung,pandukung
1169,pendukung,panggalan
1170,pendukung,situmpak
1171,penembakan,panembakon
1172,pengecut,bargak
1173,pengecut,parbargak
1174,pengecut,pengecut
1175,pengecut,siinaina
1176,pengunjung,jolma na ro
1177,pengunjung,pandulo
1178,pengunjung,partandang
1179,penjara,hurungan
1180,penjara,penjara
1181,penting,marboho
1182,penting,porlu
1183,penting,ringkot
1184,penuh,gok
1185,penuh,sirnip
1186,penuh,sorat
1187,penuh,suksuk
1188,penularan,pambalian
1189,penularan,penularan
1190,penyelamat,panolong
1191,penyelamat,penyelamat
1192,penyelamat,sipalua
1193,penyelidikan,pamaresoon
1194,penyelidikan,penyelidikan
1195,penyelidikan,unungunung
1196,perampok,panamun
1197,perampok,panangko
1198,perampok,pangarampok
1199,perampok,pangarompak
1200,perang,bada
1201,perang,parmusuon
1202,perang,porang
1203,perasaan,ateate
1204,perasaan,parniaean
1205,perasaan,parrohaon
1206,perasaan,taratara
1207,percaya,nop
1208,percaya,porsea
1209,percaya,pos
1210,percaya,team
1211,perdamaian,pardamean
1212,perdamaian,pardengganon
1213,peringatan,paingothon
1214,peringatan,parningotan
1215,peringatan,sipaingot
1216,perjuangan,parjuangan
1217,perjuangan,perjuangan
1218,pertanyaan,muningan
1219,pertanyaan,sukkunsukkun
1220,pertanyaan,sukun-sukun
1221,pertempuran,paporangan
1222,pertempuran,paraloan
1223,pertempuran,partompuron
1224,pertempuran,partontangan
1225,pikir,angkal
1226,pikir,pikir
1227,pikir,pikkir
1228,pikir,sari
1229,pintar,bistok
1230,pintar,bisuk
1231,pintar,malo
1232,pintar,pande
1233,populer,tarbarita
1234,populer,tarsar
1235,positif,denggan
1236,positif,positif
1237,potong,gatip
1238,potong,ponggol
1239,puja,puja
1240,puja,somba
1241,puji,hapian
1242,puji,panggar
1243,puji,puji
1244,pukul,albang
1245,pukul,balbal
1246,pukul,doltuk
1247,pukul,lipat
1248,pukul,lombut
1249,pukul,lopang
1250,pukul,lotak
1251,pukul,palu
1252,pukul,pasak
1253,pukul,tumbuk
1254,pulih,gira
1255,pulih,malum
1256,pulih,suang
1257,pura,pura
1258,pura,puro
1259,pusing,mirdong
1260,pusing,sibor
1261,pusing,tok
1262,racun,aji
1263,racun,bisa
1264,racun,putas
1265,racun,rasum
1266,racun,samar
1267,rahmat,asi
1268,rahmat,pasu-pasu
1269,rampas,gulut
1270,rampas,lahut
1271,rampas,laum
1272,rampas,rampus
1273,rampas,sintak
1274,rampas,soro
1275,ras,0
1276,ras,ras
1277,raya,raya
1278,raya,rea
1279,raya,rondo
1280,rela,pos
1281,rela,rade
1282,rela,rela
1283,rela,tulus
1284,rindu,lungun
1285,rindu,masihol
1286,rindu,sihol
1287,runtuh,maturtur
1288,runtuh,robo
1289,runtuh,rongrong
1290,runtuh,rumpak
1291,runtuh,tompas
1292,sadar,sadar
1293,sadar,sunggul
1294,sadar,tarjolma
1295,saham,arta
1296,saham,saham
1297,sakit,alit
1298,sakit,hancit
1299,sakit,marsahit
1300,sakit,sahit
1301,sakit,tok
1302,salah,pilit
1303,salah,pipot
1304,salah,sala
1305,salah,silap
1306,salah,ubor
1307,salam,jalang
1308,salam,salamat
1309,salam,tabe
1310,salam,tabi
1311,salut,hapian
1312,salut,manghapian
1313,salut,salut
1314,sama,dos
1315,sama,rap
1316,sama,sarupa
1317,samping,lambung
1318,samping,sabola
1319,samping,samping
1320,sangat,apala
1321,sangat,hian
1322,sangat,mansai
1323,sangat,pala
1324,sangat,tung
1325,santai,santai
1326,santai,sonang
1327,sapa,antoi
1328,sapa,hatai
1329,sapa,pakkulingi
1330,sapa,panghulingi
1331,saran,anjur
1332,saran,pandokan
1333,saran,pangidoan
1334,saran,poda
1335,sayang,hasian
1336,sayang,holong
1337,sayang,seang
1338,sebab,alana
1339,sebab,alani
1340,sebut,dokkon
1341,sebut,tardokhon
1342,sedih,arsak
1343,sedih,habot
1344,sedih,hndo
1345,sedih,lungun
1346,sedih,ngotngot
1347,sedih,parir
1348,segan,alangalang
1349,segan,bangkol
1350,segan,sagan
1351,segan,segan
1352,segan,sungka
1353,selamat,hipas
1354,selamat,horas
1355,selamat,ramot
1356,selamat,selamat
1357,selesai,bage
1358,selesai,habis
1359,selesai,sae
1360,selesai,sidung
1361,selesai,simpul
1362,selesai,suda
1363,semangat,bonar
1364,semangat,girgir
1365,semangat,hiras
1366,semangat,ringgas
1367,semangat,semangat
1368,sembunyi,buni
1369,sembunyi,martabuni
1370,sembunyi,monggop
1371,sembunyi,onding
1372,sembunyi,solpa
1373,sembunyi,sugut
1374,semoga,anggiat
1375,semoga,sai
1376,semoga,semoga
1377,sempat,boe dope
1378,sempat,sanga
1379,sempat,sompat
1380,senang,hoga
1381,senang,marlas ni roha
1382,senang,ria
1383,senang,sabas
1384,senang,sombu
1385,senang,sonang
1386,sendiri,sahalak
1387,sendiri,sahalaksa
1388,sendiri,sasadasa
1389,senjata,runsing
1390,senjata,senjata
1391,senjata,sinjata
1392,senyum,mekkel
1393,senyum,senyum
1394,senyum,suping
1395,seperti,doshon
1396,seperti,hira
1397,seperti,songon
1398,seperti,tarsongon
1399,seperti,tudos
1400,sepi,longo
1401,sepi,lungun
1402,seragam,samansam
1403,seragam,saragam
1404,seragam,sarupa
1405,seragam,seragam
1406,seram,jongir
1407,seram,jorbut
1408,seram,seram
1409,serang,alo
1410,serang,rompak
1411,serang,ronsom
1412,serang,saroso
1413,serangan,aloon
1414,serangan,paraloan
1415,serangan,rompakon
1416,serangan,ronsomon
1417,serangan,sarosoon
1418,serikat,kongsi
1419,serikat,parsadaan
1420,serikat,sarikkat
1421,siap,rade
1422,siap,siap
1423,siap,sidung
1424,siap,sun
1425,siap,tipak
1426,siap,tontu
1427,sigap,besbes
1428,sigap,hatop
1429,sigap,sigop
1430,sigap,sikkap
1431,silahkan,dipaloas
1432,silahkan,diparade
1433,silahkan,parade
1434,simpati,asini roha
1435,simpati,lomo roha
1436,simpatik,marlomoniroha
1437,simpatik,parasi roha
1438,solidaritas,hasadaan
1439,solidaritas,parsadaan
1440,sopan,hormat
1441,sopan,maradat
1442,sopan,pantung
1443,sopan,sopan
1444,sopan,tobok
1445,sopan,toman
1446,stres,lalu
1447,stres,mirdong
1448,stres,sega pikkiran
1449,stres,stres
1450,stres,tok
1451,striker,striker
1452,suap,aum
1453,suap,suap
1454,suap,sulang
1455,suka,giot
1456,suka,lomo
1457,suka,sirnip
1458,suka,tagi
1459,sulit,gogot
1460,sulit,haduk
1461,sulit,maol
1462,sulit,rettuk
1463,sulit,susa
1464,super,jebu
1465,super,super
1466,surga,surgo
1467,susah,gogot
1468,susah,haduk
1469,susah,maol
1470,susah,rettuk
1471,susah,susa
1472,tabah,benget
1473,tabah,nemnem
1474,tabah,sabam
1475,tabrak,tabrak
1476,tabrak,tombom
1477,tabrak,tompur
1478,tabrak,tumpur
1479,tahan,ambat
1480,tahan,dopang
1481,tahan,palang
1482,tahan,tahan
1483,tahanan,natarhurung
1484,tahanan,tahanan
1485,tahanan,tarbanan
1486,tak kalah,dang talu
1487,takut,biar
1488,takut,kahitir
1489,takut,lomos
1490,takut,mabiar
1491,tanggung jawab,alang alus
1492,tanggung jawab,tanggung jawab
1493,tangis,andung
1494,tangis,angguk
1495,tangis,tangis
1496,tangkap,barobo
1497,tangkap,tangkup
1498,tantangan,abatabat
1499,tantangan,aloalo
1500,tantangan,asangasang
1501,tantangan,tantangan
1502,tanya,sise
1503,tanya,sukkun
1504,tanya,sukun
1505,tegang,denggal
1506,tegang,marsitoltol
1507,tegang,pingkal
1508,tegang,tegang
1509,tegang,toltol
1510,tegas,poran
1511,tegas,tandap
1512,tegas,tegas
1513,tembak,tembak
1514,tempur,porang
1515,tempur,tempur
1516,tempur,tontang
1517,tenang,dame
1518,tenang,derem
1519,tenang,menak
1520,tenang,pos
1521,tenang,sinok
1522,tenang,tonang
1523,tenggelam,bonom
1524,tenggelam,linop
1525,tenggelam,lonong
1526,tenggelam,maup
1527,tenggelam,mogap
1528,tentang,taringot
1529,tentang,tentang
1530,tentu,antong
1531,tentu,tentu
1532,tentu,tohom
1533,tentu,tontu
1534,teramat,mansai
1535,teramat,mansai 
1536,teramat,tung
1537,terbesar,naumbalga
1538,terbunuh,hona pamate
1539,terbunuh,tarbunu
1540,terbunuh,tarpamate
1541,terganggu,hona ganggu
1542,terganggu,lola
1543,terganggu,targugai
1544,terganggu,tarlola
1545,terganggu,tollang
1546,tergantung,habir
1547,tergantung,hona gantung
1548,tergantung,mamereng ma
1549,tergantung,targaing
1550,tergantung,tarsangkot
1551,teriak,gora
1552,teriak,jou
1553,teriak,marsuara nagogo
1554,teriak,surak
1555,teriakan,goraan
1556,teriakan,jouan
1557,teriakan,suara nagogo
1558,teriakan,surakan
1559,terima,auhon
1560,terima,jalo
1561,terima,jangkon
1562,terima,olop
1563,terima kasih,mauliate
1564,terima kasih,olophon holong
1565,terimakasih,mauliate
1566,terkejut,mali tondi
1567,terkejut,tarhiap
1568,terkejut,tarsonggot
1569,terkena,hona
1570,terkena,piltik
1571,terkena,tarhona
1572,terluka,mabugang
1573,terluka,maluka
1574,terluka,tararit
1575,terluka,tarluka
1576,terluka,tarlukka
1577,teror,dijungkati
1578,teror,teror
1579,terpengaruh,lilian
1580,terpengaruh,manginona
1581,terpengaruh,tarhiap
1582,terpengaruh,tarpengaruh
1583,tersangka,taradang
1584,tersangka,tarsangka
1585,tersangka,tartudu
1586,tersangka,tartuhas
1587,tersinggung,alit
1588,tersinggung,tarpogu
1589,tersinggung,tarsinggung
1590,tertarik,targait
1591,tertarik,tarhait
1592,tertarik,tartarik
1593,tertarik,tartogu
1594,tertentu,tartontu
1595,tertentu,tertentu
1596,tertentu,tiningki
1597,tertinggal,allong
1598,tertinggal,tarlalap
1599,tertinggal,tartading
1600,tidak,daong
1601,tidak aman,dang aman
1602,tidak aman,dang sonang
1603,tinggal,ian
1604,tinggal,mian
1605,tinggal,tading
1606,tinggal,tinggal
1607,tinggal,toding
1608,tingkat,tingkat
1609,tragedi,hajadian
1610,tragedi,namasa
1611,tragedi,tragedi
1612,trauma,tarmali tondi
1613,trauma,trauma
1614,tubuh,badan
1615,tubuh,daging
1616,tubuh,diri
1617,tubuh,pamatang
1618,tuduhan,aling
1619,tuduhan,tiha-tiha
1620,tuduhan,todoan
1621,tuduhan,tuduhan
1622,tukang jualan,parjualan
1623,tukang jualan,partiga-tiga
1624,tumpas,pasidung
1625,tumpas,pasuda
1626,tumpas,roro
1627,tunda,sundat
1628,tunda,sundati
1629,tunggu,jaga
1630,tunggu,paima
1631,tunggu,painte
1632,tunggu,tagam
1633,turun,sorang
1634,turun,tuat
1635,turun,turun
1636,tutup,hungkup
1637,tutup,langkop
1638,tutup,tungkup
1639,tutup,tutup
1640,uang,hepeng
1641,untung,abak
1642,untung,laba
1643,untung,omo
1644,untung,sori
1645,untung,untung
1646,utuh,himpal
1647,utuh,sada
1648,utuh,utuh
1649,wajib,ikkon
1650,wajib,naingkon
1651,waspada,alat roha
1652,waspada,dungodungo
1653,waspada,manat
1654,waspada,manatmanat
1655,wow,bahhhh
1656,wow,wow
1657,ya,olo
1658,yakin,dapot roha
1659,yakin,porsea
1660,yakin,poso
1661,yakin,yakin
